Name,Date,Tm,Home/Away,Opp,Role,Dec,ERA,WHIP,IP,R,ER,HA,HR,SO,BB,HBP,PitOuts,Season
James Naile,03/22/2025,KIA,,NC,SP,,0.0,0.4,5.0,0,0,2,0,5,0,1,15,2025
Kenny Rosenberg,03/22/2025,Kiwoom,,Samsung,SP,L,24.0,3.667,3.0,8,8,8,1,4,3,1,9,2025
Cole Irvin,03/22/2025,DOOSAN,,SSG,SP,,7.2,1.6,5.0,4,4,7,0,6,1,2,15,2025
Yonny Chirinos,03/22/2025,LG,,Lotte,SP,W,3.0,1.333,6.0,2,2,5,0,8,3,0,18,2025
Enmanuel De Jesus,03/22/2025,KT,,Hanwha,SP,,1.5,0.667,6.0,1,1,2,0,7,2,0,18,2025
Ariel Jurado,03/22/2025,SAMSUNG,,Kiwoom,SP,W,3.0,1.333,6.0,2,2,8,1,5,0,1,18,2025
Charlie Barnes,03/22/2025,LOTTE,,LG,SP,L,21.0,3.333,3.0,7,7,8,1,2,2,1,9,2025
Cody Ponce,03/22/2025,HANWHA,,KT,SP,,3.6,1.6,5.0,2,2,7,0,4,1,0,15,2025
Allen Logan,03/22/2025,NC,,Kia,SP,,1.5,0.833,6.0,1,1,4,0,5,1,0,18,2025
Yang Hyeon-jong,03/23/2025,KIA,,NC,SP,L,7.2,1.8,5.0,4,4,6,1,5,3,1,15,2025
Ha Yeong-min,03/23/2025,Kiwoom,,Samsung,SP,L,12.0,2.667,3.0,5,4,8,1,3,0,0,9,2025
Ryan Weiss,03/23/2025,HANWHA,,KT,SP,,4.5,1.167,6.0,4,3,5,0,4,2,0,18,2025
Lee Seung-hyun,03/23/2025,SAMSUNG,,Kiwoom,SP,,54.0,5.97,0.67,4,4,3,1,1,1,0,2,2025
Son Ju-young,03/23/2025,LG,,Lotte,SP,W,0.0,0.429,7.0,0,0,1,0,5,2,0,21,2025
Park Se Woong,03/23/2025,LOTTE,,LG,SP,L,7.2,1.6,5.0,4,4,8,3,6,0,0,15,2025
Zach Logue,03/23/2025,DOOSAN,,SSG,SP,L,6.0,1.5,6.0,4,4,7,0,5,2,0,18,2025
Elieser Hernandez,03/25/2025,LG,,Hanwha,SP,W,0.0,0.286,7.0,0,0,1,0,8,1,0,21,2025
Tucker Davidson,03/25/2025,LOTTE,,SSG,SP,,1.29,0.714,7.0,1,1,3,1,2,2,0,21,2025
Unknown_55633,03/25/2025,KIA,,Kiwoom,SP,W,4.5,0.833,6.0,4,3,5,1,6,0,0,18,2025
Choi Won-tae,03/25/2025,SAMSUNG,,NC,SP,W,7.2,1.8,5.0,4,4,6,0,4,3,1,15,2025
Kim Yun-ha,03/25/2025,Kiwoom,,Kia,SP,L,12.6,2.2,5.0,8,7,9,5,3,2,0,15,2025
Moon Seung Won,03/25/2025,SSG,,Lotte,SP,,3.0,0.833,6.0,2,2,3,0,4,2,0,18,2025
Ryu Hyun-jin,03/25/2025,HANWHA,,LG,SP,,0.0,0.5,6.0,0,0,3,0,5,0,0,18,2025
Choi Won Joon,03/25/2025,DOOSAN,,KT,SP,,6.75,2.0,4.0,3,3,6,1,1,2,0,12,2025
Jung Hyun-woo,03/26/2025,Kiwoom,,Kia,SP,W,7.2,3.0,5.0,6,4,8,0,4,7,0,15,2025
Kim Jin-uk,03/26/2025,LOTTE,,SSG,SP,L,3.0,1.333,6.0,2,2,4,1,7,4,0,18,2025
So Hyeong-Jun,03/26/2025,KT,,Doosan,SP,L,4.5,1.5,6.0,3,3,9,0,4,0,0,18,2025
Shin Min-hyeok,03/26/2025,NC,,Samsung,SP,W,3.6,0.6,5.0,2,2,2,0,5,1,0,15,2025
Im Chan Kyu,03/26/2025,LG,,Hanwha,SP,W,0.0,0.444,9.0,0,0,2,0,5,2,0,27,2025
Oh Won-seok,03/27/2025,KT,,Doosan,SP,W,0.0,1.0,5.0,0,0,2,0,3,3,3,15,2025
Moon Dong-ju,03/27/2025,HANWHA,,LG,SP,,0.0,0.2,5.0,0,0,1,0,6,0,0,15,2025
Mok Ji-hoon,03/27/2025,NC,,Samsung,SP,,9.0,1.75,4.0,4,4,4,1,3,3,0,12,2025
Lee Seung-hyun,03/27/2025,SAMSUNG,,NC,SP,,0.0,3.03,0.33,0,0,1,0,0,0,0,0,2025
Song Seung Ki,03/27/2025,LG,,Hanwha,SP,,0.0,0.286,7.0,0,0,1,0,5,1,0,21,2025
Kim Do-hyeon,03/27/2025,KIA,,Kiwoom,SP,,0.0,1.167,6.0,2,0,4,0,2,3,0,18,2025
Yonny Chirinos,03/28/2025,LG,,NC,SP,,3.0,1.167,6.0,2,2,6,0,5,1,1,18,2025
Andrew Anderson,03/28/2025,SSG,,Kiwoom,SP,L,5.4,1.8,5.0,5,3,6,1,6,3,0,15,2025
Allen Logan,03/28/2025,NC,,LG,SP,,3.0,1.333,6.0,2,2,6,1,5,2,1,18,2025
Enmanuel De Jesus,03/28/2025,KT,,Lotte,SP,W,0.0,0.286,7.0,0,0,2,0,8,0,0,21,2025
Cody Ponce,03/28/2025,HANWHA,,Kia,SP,W,2.57,1.143,7.0,2,2,7,1,8,1,0,21,2025
Ariel Jurado,03/28/2025,SAMSUNG,,Doosan,SP,L,2.25,0.625,8.0,2,2,4,0,11,1,0,24,2025
Charlie Barnes,03/28/2025,LOTTE,,KT,SP,L,1.29,1.0,7.0,1,1,5,0,5,2,0,21,2025
James Naile,03/28/2025,KIA,,Hanwha,SP,,0.0,0.833,6.0,0,0,3,0,5,2,0,18,2025
Kenny Rosenberg,03/28/2025,Kiwoom,,SSG,SP,W,2.57,0.714,7.0,2,2,4,1,9,1,0,21,2025
Cole Irvin,03/28/2025,DOOSAN,,Samsung,SP,W,0.0,0.714,7.0,0,0,3,0,4,2,0,21,2025
James Naile,03/28/2026,KIA,,SSG,SP,,0.0,0.5,6.0,0,0,2,0,5,1,0,18,2026
Moon Seung Won,03/28/2026,SSG,,Kia,SP,,0.0,0.0,1.0,0,0,0,0,1,0,0,3,2026
Mitch White,03/28/2026,SSG,,Kia,SP,,11.25,2.75,4.0,5,5,9,0,4,2,0,12,2026
Ariel Jurado,03/28/2026,SAMSUNG,,Lotte,SP,L,4.5,1.167,6.0,3,3,7,1,2,0,0,18,2026
Yonny Chirinos,03/28/2026,LG,,KT,SP,L,54.0,7.0,1.0,6,6,6,0,0,1,0,3,2026
Choi Won Joon,03/28/2026,DOOSAN,,NC,SP,,0.0,1.0,1.0,0,0,0,0,1,1,0,3,2026
Won Tae-in,03/29/2025,SAMSUNG,,Doosan,SP,,3.6,0.8,5.0,2,2,3,0,4,1,0,15,2025
Ryan Weiss,03/29/2025,HANWHA,,Kia,SP,,7.2,1.8,5.0,4,4,6,2,7,3,0,15,2025
Kim Kwang Hyun,03/29/2025,SSG,,Kiwoom,SP,L,3.6,1.4,5.0,2,2,5,1,4,2,1,15,2025
Son Ju-young,03/29/2025,LG,,NC,SP,W,6.0,1.167,6.0,4,4,6,3,6,1,0,18,2025
William Cuevas,03/29/2025,KT,,Lotte,SP,L,3.86,1.143,7.0,3,3,7,1,4,1,0,21,2025
Park Se Woong,03/29/2025,LOTTE,,KT,SP,W,1.5,1.333,6.0,1,1,5,0,6,3,0,18,2025
Ha Yeong-min,03/29/2025,Kiwoom,,SSG,SP,W,1.29,0.857,7.0,1,1,5,0,7,1,0,21,2025
Yang Hyeon-jong,03/29/2025,KIA,,Hanwha,SP,,1.5,1.333,6.0,3,1,6,0,5,2,1,18,2025
Zach Logue,03/29/2025,DOOSAN,,Samsung,SP,L,6.0,1.333,6.0,4,4,5,0,8,3,0,18,2025
So Hyeong-Jun,03/29/2026,KT,,LG,SP,,9.0,3.0,3.0,3,3,7,0,1,2,0,9,2026
Ha Yeong-min,03/29/2026,Kiwoom,,Hanwha,SP,L,9.0,3.5,2.0,5,2,6,1,3,1,0,6,2026
Im Chan Kyu,03/29/2026,LG,,KT,SP,,5.4,1.6,5.0,3,3,6,0,1,2,0,15,2026
Lee Seung-hyun,03/29/2026,SAMSUNG,,Lotte,SP,,0.0,2.0,1.0,0,0,1,0,0,1,0,3,2026
Choi Won-tae,03/29/2026,SAMSUNG,,Lotte,SP,L,3.0,1.5,6.0,2,2,7,2,5,2,0,18,2026
Kim Yun-ha,03/30/2025,Kiwoom,,SSG,SP,L,3.0,0.833,6.0,2,2,3,1,3,2,0,18,2025
Denyi Reyes,03/30/2025,SAMSUNG,,Doosan,SP,W,3.6,0.6,5.0,2,2,3,1,5,0,0,15,2025
Unknown_55633,03/30/2025,KIA,,Hanwha,SP,,3.6,1.2,5.0,2,2,4,0,5,2,2,15,2025
Ko Young-pyo,03/30/2025,KT,,Lotte,SP,,3.0,1.5,6.0,2,2,7,1,6,2,0,18,2025
Choi Won Joon,03/30/2025,DOOSAN,,Samsung,SP,L,2.57,0.857,7.0,3,2,4,0,2,2,0,21,2025
Ryu Hyun-jin,03/30/2025,HANWHA,,Kia,SP,,3.0,1.167,6.0,2,2,6,1,4,1,0,18,2025
Zach Logue,03/31/2026,DOOSAN,,Samsung,SP,,2.57,0.714,7.0,2,2,4,1,5,1,0,21,2026
Park Se Woong,03/31/2026,LOTTE,,NC,SP,L,0.0,1.2,5.0,4,0,5,0,3,1,1,15,2026
Unknown_55633,03/31/2026,KIA,,LG,SP,W,0.0,0.667,6.0,0,0,3,0,3,1,0,18,2026
Lee Seung-hyun,03/31/2026,SAMSUNG,,Doosan,SP,,0.0,0.0,0.67,0,0,0,0,0,0,0,2,2026
Um Sang-back,03/31/2026,HANWHA,,KT,SP,,27.0,6.061,0.33,1,1,2,0,0,0,1,0,2026
Ryu Hyun-jin,04/01/2026,HANWHA,,KT,SP,,1.8,0.6,5.0,2,1,3,1,4,0,0,15,2026
Choi Seung-yong,04/01/2026,DOOSAN,,Samsung,SP,L,12.0,2.667,3.0,5,4,6,0,2,2,0,9,2026
Ko Young-pyo,04/01/2026,KT,,Hanwha,SP,,5.4,1.6,5.0,4,3,7,1,7,1,1,15,2026
Choi Won Joon,04/01/2026,DOOSAN,,Samsung,SP,,0.0,1.0,1.0,0,0,1,0,0,0,0,3,2026
Yang Hyeon-jong,04/01/2026,KIA,,LG,SP,L,6.75,1.75,4.0,3,3,3,0,4,4,0,12,2026
Shin Min-hyeok,04/01/2026,NC,,Lotte,SP,,3.6,1.6,5.0,2,2,5,1,3,3,0,15,2026
Na Gyun-an,04/01/2026,LOTTE,,NC,SP,,3.6,1.6,5.0,2,2,7,1,4,1,0,15,2026
Moon Seung Won,04/01/2026,SSG,,Kiwoom,SP,,0.0,0.0,1.0,0,0,0,0,0,0,0,3,2026
Lee Seung-hyun,04/01/2026,SAMSUNG,,Doosan,SP,,0.0,0.0,1.0,0,0,0,0,0,0,0,3,2026
Kim Do-hyeon,04/02/2025,KIA,,Samsung,SP,,3.0,1.0,6.0,2,2,5,0,7,1,0,18,2025
Moon Dong-ju,04/02/2025,HANWHA,,Lotte,SP,L,18.0,2.5,2.0,4,4,4,1,0,1,0,6,2025
Choi Won-tae,04/02/2025,SAMSUNG,,Kia,SP,,3.0,1.167,6.0,2,2,4,1,9,3,0,18,2025
Choi Seung-yong,04/02/2025,DOOSAN,,Kiwoom,SP,,4.5,0.833,6.0,3,3,4,1,7,1,1,18,2025
Elieser Hernandez,04/02/2025,LG,,KT,SP,L,108.0,11.94,0.67,8,8,5,1,1,3,0,2,2025
Cole Irvin,04/03/2025,DOOSAN,,Kiwoom,SP,W,1.5,1.0,6.0,1,1,5,0,6,1,0,18,2025
Cody Ponce,04/03/2025,HANWHA,,Lotte,SP,,2.57,1.0,7.0,2,2,5,0,10,2,0,21,2025
James Naile,04/03/2025,KIA,,Samsung,SP,W,0.0,0.571,7.0,0,0,3,0,2,1,1,21,2025
Lee Seung-hyun,04/03/2025,SAMSUNG,,Kia,SP,,0.0,0.0,1.0,0,0,0,0,0,0,0,3,2025
Enmanuel De Jesus,04/03/2025,KT,,LG,SP,L,1.5,1.5,6.0,3,1,6,1,4,3,0,18,2025
Ariel Jurado,04/03/2025,SAMSUNG,,Kia,SP,L,4.5,1.333,6.0,3,3,4,0,3,4,0,18,2025
Kenny Rosenberg,04/03/2025,Kiwoom,,Doosan,SP,L,1.5,1.167,6.0,4,1,5,2,6,2,0,18,2025
Ha Yeong-min,04/04/2025,Kiwoom,,NC,SP,W,0.0,1.0,6.0,0,0,3,0,7,3,0,18,2025
Song Seung Ki,04/04/2025,LG,,Kia,SP,W,3.6,2.0,5.0,2,2,7,0,4,3,0,15,2025
William Cuevas,04/04/2025,KT,,SSG,SP,,3.6,2.2,5.0,2,2,6,0,1,5,0,15,2025
Kim Kwang Hyun,04/04/2025,SSG,,KT,SP,,1.8,1.6,5.0,1,1,5,0,3,3,0,15,2025
Won Tae-in,04/04/2025,SAMSUNG,,Hanwha,SP,W,0.0,0.286,7.0,0,0,2,0,5,0,0,21,2025
Yang Hyeon-jong,04/04/2025,KIA,,LG,SP,L,7.2,1.6,5.0,4,4,7,0,3,1,0,15,2025
Zach Logue,04/04/2025,DOOSAN,,Lotte,SP,W,4.5,1.5,6.0,3,3,7,0,6,2,0,18,2025
Lee Seung-hyun,04/05/2025,SAMSUNG,,Hanwha,SP,H,0.0,1.0,1.0,0,0,0,0,0,1,0,3,2025
Ryu Hyun-jin,04/05/2025,HANWHA,,Samsung,SP,,7.2,1.8,5.0,4,4,8,2,2,1,0,15,2025
Park Se Woong,04/05/2025,LOTTE,,Doosan,SP,W,0.0,0.714,7.0,0,0,4,0,9,1,0,21,2025
Jung Hyun-woo,04/06/2025,Kiwoom,,NC,SP,,3.6,1.8,5.0,2,2,4,1,4,5,0,15,2025
So Hyeong-Jun,04/06/2025,KT,,SSG,SP,,0.0,0.714,7.0,0,0,5,0,5,0,0,21,2025
Yonny Chirinos,04/06/2025,LG,,Kia,SP,W,1.29,0.571,7.0,1,1,3,0,7,1,1,21,2025
Shin Min-hyeok,04/06/2025,NC,,Kiwoom,SP,,3.6,1.0,5.0,2,2,3,0,5,2,1,15,2025
Moon Seung Won,04/06/2025,SSG,,KT,SP,,0.0,1.0,6.0,0,0,4,0,2,2,0,18,2025
Um Sang-back,04/06/2025,HANWHA,,Samsung,SP,L,9.0,2.667,3.0,3,3,5,0,3,3,0,9,2025
Unknown_55633,04/06/2025,KIA,,LG,SP,L,4.5,1.167,6.0,4,3,4,0,4,3,1,18,2025
Denyi Reyes,04/06/2025,SAMSUNG,,Hanwha,SP,W,0.0,0.143,7.0,0,0,1,0,6,0,0,21,2025
Choi Seung-yong,04/08/2025,DOOSAN,,Hanwha,SP,,4.5,1.333,6.0,3,3,6,1,2,2,1,18,2025
Choi Won-tae,04/08/2025,SAMSUNG,,SSG,SP,W,3.6,2.2,5.0,2,2,6,0,3,5,0,15,2025
Moon Dong-ju,04/08/2025,HANWHA,,Doosan,SP,,6.75,1.25,4.0,4,3,5,1,5,0,0,12,2025
Lee Seung-hyun,04/08/2025,SAMSUNG,,SSG,SP,,13.5,1.493,0.67,1,1,1,1,2,0,0,2,2025
Son Ju-young,04/08/2025,LG,,Kiwoom,SP,W,1.29,0.714,7.0,1,1,5,0,5,0,0,21,2025
Ko Young-pyo,04/08/2025,KT,,NC,SP,W,1.29,0.429,7.0,1,1,3,0,10,0,0,21,2025
Enmanuel De Jesus,04/09/2025,KT,,NC,SP,,3.0,2.0,3.0,1,1,3,0,4,3,0,9,2025
Andrew Anderson,04/09/2025,SSG,,Samsung,SP,,1.29,0.857,7.0,1,1,6,1,13,0,0,21,2025
Na Gyun-an,04/09/2025,LOTTE,,Kia,SP,L,4.5,1.5,6.0,3,3,6,1,3,3,0,18,2025
Ariel Jurado,04/09/2025,SAMSUNG,,SSG,SP,,1.29,0.714,7.0,1,1,5,1,8,0,0,21,2025
Allen Logan,04/09/2025,NC,,KT,SP,L,3.0,1.167,6.0,2,2,5,1,3,2,1,18,2025
Kenny Rosenberg,04/09/2025,Kiwoom,,LG,SP,W,0.0,0.625,8.0,0,0,4,0,13,1,0,24,2025
James Naile,04/09/2025,KIA,,Lotte,SP,W,1.29,1.143,7.0,1,1,6,0,6,2,0,21,2025
Cole Irvin,04/09/2025,DOOSAN,,Hanwha,SP,L,3.0,1.333,6.0,5,2,5,0,8,3,1,18,2025
Cody Ponce,04/09/2025,HANWHA,,Doosan,SP,W,6.0,1.667,6.0,4,4,8,0,9,2,0,18,2025
Ha Yeong-min,04/10/2025,Kiwoom,,LG,SP,L,13.5,3.25,4.0,6,6,10,1,2,3,0,12,2025
Won Tae-in,04/10/2025,SAMSUNG,,SSG,SP,,1.8,1.6,5.0,1,1,7,0,5,1,0,15,2025
Charlie Barnes,04/10/2025,LOTTE,,Kia,SP,W,5.4,1.8,5.0,3,3,5,0,3,4,0,15,2025
Kim Kwang Hyun,04/10/2025,SSG,,Samsung,SP,,0.0,0.5,6.0,0,0,2,0,8,1,1,18,2025
Im Chan Kyu,04/10/2025,LG,,Kiwoom,SP,W,1.29,0.714,7.0,1,1,5,1,5,0,0,21,2025
Oh Won-seok,04/10/2025,KT,,NC,SP,L,4.5,0.833,6.0,3,3,5,2,5,0,0,18,2025
Riley Thompson,04/10/2025,NC,,KT,SP,W,0.0,0.286,7.0,0,0,1,0,14,1,1,21,2025
Kim Yun-ha,04/11/2025,Kiwoom,,Hanwha,SP,L,7.2,1.8,5.0,5,4,8,0,2,1,0,15,2025
Choi Won Joon,04/11/2025,DOOSAN,,LG,SP,,1.5,0.667,6.0,1,1,4,1,2,0,0,18,2025
Song Seung Ki,04/11/2025,LG,,Doosan,SP,,3.0,1.167,6.0,2,2,4,0,5,3,0,18,2025
William Cuevas,04/11/2025,KT,,Samsung,SP,W,1.5,0.833,6.0,1,1,3,1,4,2,1,18,2025
Park Se Woong,04/11/2025,LOTTE,,NC,SP,W,5.14,1.143,7.0,5,4,5,1,9,3,0,21,2025
Ryu Hyun-jin,04/11/2025,HANWHA,,Kiwoom,SP,W,0.0,0.333,6.0,0,0,1,0,6,1,0,18,2025
Park Jong-hun,04/11/2025,SSG,,Kia,SP,,9.0,2.0,1.0,1,1,2,0,0,0,0,3,2025
Tucker Davidson,04/12/2025,LOTTE,,NC,SP,W,0.0,1.167,6.0,0,0,2,0,7,5,0,18,2025
Jung Hyun-woo,04/12/2025,Kiwoom,,Hanwha,SP,W,3.6,1.6,5.0,2,2,7,0,3,1,0,15,2025
Um Sang-back,04/12/2025,HANWHA,,Kiwoom,SP,L,9.0,2.667,3.0,3,3,5,0,4,3,0,9,2025
Shin Min-hyeok,04/12/2025,NC,,Lotte,SP,L,3.6,1.8,5.0,2,2,7,0,2,2,0,15,2025
Yonny Chirinos,04/12/2025,LG,,Doosan,SP,W,0.0,0.667,6.0,0,0,3,0,8,1,0,18,2025
So Hyeong-Jun,04/13/2025,KT,,Samsung,SP,W,0.0,1.8,5.0,1,0,5,0,5,4,0,15,2025
Unknown_55633,04/13/2025,KIA,,SSG,SP,W,2.57,0.429,7.0,2,2,2,0,4,1,0,21,2025
Moon Seung Won,04/13/2025,SSG,,Kia,SP,L,7.2,1.4,5.0,4,4,6,2,0,1,0,15,2025
Moon Dong-ju,04/13/2025,HANWHA,,Kiwoom,SP,W,0.0,0.5,6.0,1,0,3,0,6,0,0,18,2025
Son Ju-young,04/13/2025,LG,,Doosan,SP,L,18.0,3.0,3.0,6,6,6,0,2,3,0,9,2025
Denyi Reyes,04/13/2025,SAMSUNG,,KT,SP,L,22.5,4.5,2.0,5,5,7,0,0,2,0,6,2025
James Naile,04/15/2025,KIA,,KT,SP,,0.0,1.0,6.0,0,0,5,0,6,1,0,18,2025
Ariel Jurado,04/15/2025,SAMSUNG,,LG,SP,L,1.29,1.429,7.0,1,1,9,0,4,1,0,21,2025
Elieser Hernandez,04/15/2025,LG,,Samsung,SP,W,0.0,0.0,6.0,0,0,0,0,9,0,1,18,2025
Cody Ponce,04/15/2025,HANWHA,,SSG,SP,W,0.0,0.571,7.0,0,0,1,0,12,3,0,21,2025
Na Gyun-an,04/15/2025,LOTTE,,Kiwoom,SP,,6.75,1.75,4.0,5,3,5,0,3,2,1,12,2025
Kenny Rosenberg,04/15/2025,Kiwoom,,Lotte,SP,,7.2,2.0,5.0,4,4,7,0,4,3,1,15,2025
Andrew Anderson,04/15/2025,SSG,,Hanwha,SP,L,1.8,0.8,5.0,1,1,3,0,9,1,1,15,2025
Ko Young-pyo,04/15/2025,KT,,Kia,SP,,0.0,0.833,6.0,0,0,3,0,11,2,1,18,2025
Kim Do-hyeon,04/16/2025,KIA,,KT,SP,L,3.0,0.833,6.0,2,2,4,1,2,1,0,18,2025
Charlie Barnes,04/16/2025,LOTTE,,Kiwoom,SP,W,2.57,0.857,7.0,2,2,5,0,11,1,0,21,2025
Ryan Weiss,04/16/2025,HANWHA,,SSG,SP,W,3.0,1.333,6.0,2,2,7,0,10,1,0,18,2025
Oh Won-seok,04/16/2025,KT,,Kia,SP,W,0.0,0.667,6.0,0,0,1,0,6,3,0,18,2025
Kim Kwang Hyun,04/16/2025,SSG,,Hanwha,SP,L,9.0,1.6,5.0,5,5,7,2,4,1,0,15,2025
Im Chan Kyu,04/16/2025,LG,,Samsung,SP,W,3.0,1.333,6.0,2,2,7,0,4,1,0,18,2025
Kim Yun-ha,04/17/2025,Kiwoom,,Lotte,SP,L,2.25,1.75,4.0,4,1,6,0,1,1,0,12,2025
William Cuevas,04/17/2025,KT,,Kia,SP,,4.5,1.833,6.0,3,3,9,1,2,2,0,18,2025
Won Tae-in,04/17/2025,SAMSUNG,,LG,SP,W,1.5,1.0,6.0,1,1,5,0,3,1,1,18,2025
Park Jong-hun,04/18/2025,SSG,,LG,SP,L,3.86,1.143,7.0,4,3,5,1,3,3,2,21,2025
Yonny Chirinos,04/18/2025,LG,,SSG,SP,W,1.29,0.714,7.0,1,1,3,0,7,2,0,21,2025
Allen Logan,04/18/2025,NC,,Hanwha,SP,L,18.0,3.0,2.0,6,4,4,0,2,2,2,6,2025
Um Sang-back,04/18/2025,HANWHA,,NC,SP,W,7.2,1.6,5.0,4,4,7,0,3,1,1,15,2025
Tucker Davidson,04/18/2025,LOTTE,,Samsung,SP,W,0.0,1.4,5.0,0,0,6,0,9,1,1,15,2025
Moon Dong-ju,04/19/2025,HANWHA,,NC,SP,W,3.6,1.2,5.0,2,2,5,0,7,1,1,15,2025
Son Ju-young,04/19/2025,LG,,SSG,SP,,0.0,0.333,3.0,0,0,1,0,5,0,0,9,2025
Choi Won Joon,04/19/2025,DOOSAN,,Kia,SP,,6.75,1.5,4.0,4,3,4,1,2,2,0,12,2025
Kim Jin-uk,04/19/2025,LOTTE,,Samsung,SP,L,47.25,0.0,0.0,7,7,8,2,0,2,1,0,2025
Unknown_55633,04/19/2025,KIA,,Doosan,SP,W,7.2,1.8,5.0,4,4,9,1,8,0,0,15,2025
So Hyeong-Jun,04/19/2025,KT,,Kiwoom,SP,W,1.29,0.571,7.0,1,1,4,0,11,0,0,21,2025
Zach Logue,04/20/2025,DOOSAN,,Kia,SP,,0.0,1.0,5.0,0,0,2,0,4,3,0,15,2025
Ariel Jurado,04/20/2025,SAMSUNG,,Lotte,SP,,4.5,1.167,6.0,3,3,5,2,5,2,0,18,2025
Ko Young-pyo,04/20/2025,KT,,Kiwoom,SP,W,0.0,0.333,9.0,0,0,3,0,7,0,0,27,2025
Cody Ponce,04/20/2025,HANWHA,,NC,SP,W,0.0,0.143,7.0,0,0,1,0,13,0,0,21,2025
Kenny Rosenberg,04/20/2025,Kiwoom,,KT,SP,L,1.8,1.4,5.0,2,1,6,0,6,1,0,15,2025
Oh Won-seok,04/22/2025,KT,,SSG,SP,W,3.0,1.0,6.0,2,2,4,0,8,2,0,18,2025
Choi Seung-yong,04/22/2025,DOOSAN,,Kiwoom,SP,L,7.2,1.8,5.0,4,4,7,1,4,2,0,15,2025
Ha Yeong-min,04/22/2025,Kiwoom,,Doosan,SP,W,0.0,0.429,7.0,0,0,3,0,7,0,0,21,2025
Im Chan Kyu,04/22/2025,LG,,NC,SP,,6.0,1.667,6.0,4,4,8,1,4,2,0,18,2025
Mitch White,04/23/2025,SSG,,KT,SP,W,3.0,0.833,6.0,2,2,3,2,5,2,0,18,2025
William Cuevas,04/23/2025,KT,,SSG,SP,L,22.5,3.25,4.0,10,10,12,3,0,1,0,12,2025
Charlie Barnes,04/23/2025,LOTTE,,Hanwha,SP,L,7.2,2.0,5.0,6,4,6,0,3,4,0,15,2025
Ryan Weiss,04/23/2025,HANWHA,,Lotte,SP,W,3.0,1.333,6.0,2,2,8,0,12,0,0,18,2025
Song Seung Ki,04/23/2025,LG,,NC,SP,W,0.0,0.5,6.0,0,0,0,0,7,3,0,18,2025
Won Tae-in,04/24/2025,SAMSUNG,,Kia,SP,W,3.0,1.0,6.0,2,2,5,2,4,1,0,18,2025
Cole Irvin,04/24/2025,DOOSAN,,Kiwoom,SP,W,0.0,1.0,6.0,0,0,2,0,4,4,1,18,2025
Riley Thompson,04/24/2025,NC,,LG,SP,W,0.0,0.833,6.0,0,0,3,0,7,2,0,18,2025
Yonny Chirinos,04/24/2025,LG,,NC,SP,L,1.8,1.2,5.0,2,1,5,0,4,1,0,15,2025
Ryu Hyun-jin,04/24/2025,HANWHA,,Lotte,SP,L,6.0,1.333,6.0,4,4,7,1,7,1,0,18,2025
Park Se Woong,04/24/2025,LOTTE,,Hanwha,SP,W,4.5,1.333,6.0,3,3,4,0,9,4,1,18,2025
So Hyeong-Jun,04/25/2025,KT,,Hanwha,SP,,0.0,0.333,6.0,0,0,1,0,10,1,0,18,2025
Tucker Davidson,04/25/2025,LOTTE,,Doosan,SP,W,3.0,1.333,6.0,2,2,5,0,5,3,0,18,2025
Yang Hyeon-jong,04/25/2025,KIA,,LG,SP,,9.0,2.0,5.0,5,5,6,0,2,4,0,15,2025
Mok Ji-hoon,04/25/2025,NC,,Samsung,SP,,12.0,3.0,3.0,4,4,4,1,3,5,0,9,2025
Choi Won Joon,04/25/2025,DOOSAN,,Lotte,SP,L,3.6,1.8,5.0,3,2,5,0,5,4,0,15,2025
Um Sang-back,04/25/2025,HANWHA,,KT,SP,,1.5,1.0,6.0,1,1,4,0,6,2,1,18,2025
Ariel Jurado,04/26/2025,SAMSUNG,,NC,SP,W,1.29,1.0,7.0,1,1,6,1,8,1,0,21,2025
Unknown_55633,04/26/2025,KIA,,LG,SP,W,0.0,0.429,7.0,0,0,1,0,8,2,0,21,2025
Ko Young-pyo,04/26/2025,KT,,Hanwha,SP,L,3.0,1.333,6.0,2,2,6,0,4,2,0,18,2025
Zach Logue,04/26/2025,DOOSAN,,Lotte,SP,,2.57,1.143,7.0,2,2,7,0,10,1,0,21,2025
Kenny Rosenberg,04/26/2025,Kiwoom,,SSG,SP,,1.29,0.571,7.0,1,1,3,0,7,1,0,21,2025
Denyi Reyes,04/27/2025,SAMSUNG,,NC,SP,W,0.0,0.6,5.0,0,0,2,0,1,1,1,15,2025
Shin Min-hyeok,04/27/2025,NC,,Samsung,SP,L,6.75,2.0,4.0,3,3,6,2,3,2,0,12,2025
Cody Ponce,04/27/2025,HANWHA,,KT,SP,W,0.0,1.0,7.0,0,0,3,0,5,4,0,21,2025
James Naile,04/27/2025,KIA,,LG,SP,,3.0,1.333,6.0,2,2,4,0,3,4,0,18,2025
Oh Won-seok,04/27/2025,KT,,Hanwha,SP,L,1.5,0.833,6.0,2,1,4,0,4,1,0,18,2025
Choi Seung-yong,04/27/2025,DOOSAN,,Lotte,SP,W,5.4,1.2,5.0,3,3,4,1,1,2,0,15,2025
Im Chan Kyu,04/27/2025,LG,,Kia,SP,L,4.5,1.333,6.0,3,3,7,1,6,1,0,18,2025
Ha Yeong-min,04/27/2025,Kiwoom,,SSG,SP,W,1.5,1.333,6.0,1,1,5,0,6,3,0,18,2025
Mitch White,04/29/2025,SSG,,Samsung,SP,,1.8,1.2,5.0,1,1,4,1,6,2,0,15,2025
William Cuevas,04/29/2025,KT,,Doosan,SP,W,0.0,0.833,6.0,0,0,2,0,7,3,0,18,2025
Allen Logan,04/29/2025,NC,,Kia,SP,L,9.0,2.2,5.0,5,5,7,0,2,4,0,15,2025
Song Seung Ki,04/29/2025,LG,,Hanwha,SP,L,5.4,1.6,5.0,3,3,6,2,7,2,0,15,2025
Kim Yun-ha,04/29/2025,Kiwoom,,Lotte,SP,L,4.5,2.167,6.0,3,3,10,0,2,3,0,18,2025
Charlie Barnes,04/29/2025,LOTTE,,Kiwoom,SP,W,1.29,0.429,7.0,1,1,2,1,6,1,0,21,2025
Ryan Weiss,04/29/2025,HANWHA,,LG,SP,W,3.0,1.0,6.0,2,2,4,1,3,2,2,18,2025
Riley Thompson,04/30/2025,NC,,Kia,SP,W,0.0,0.857,7.0,0,0,4,0,7,2,0,21,2025
Won Tae-in,04/30/2025,SAMSUNG,,SSG,SP,,3.86,1.143,7.0,4,3,8,1,3,0,0,21,2025
Enmanuel De Jesus,04/30/2025,KT,,Doosan,SP,W,3.0,1.167,6.0,3,2,5,1,3,2,0,18,2025
Yonny Chirinos,04/30/2025,LG,,Hanwha,SP,,1.5,1.0,6.0,1,1,4,0,6,2,0,18,2025
Ryu Hyun-jin,04/30/2025,HANWHA,,LG,SP,W,2.57,1.0,7.0,2,2,6,1,6,1,0,21,2025
Moon Seung Won,04/30/2025,SSG,,Samsung,SP,,5.4,1.6,5.0,3,3,6,0,0,2,0,15,2025
Park Se Woong,04/30/2025,LOTTE,,Kiwoom,SP,W,3.6,1.4,5.0,3,2,6,0,2,1,1,15,2025
Choi Won Joon,05/01/2025,DOOSAN,,KT,SP,,1.5,0.833,6.0,1,1,3,1,4,2,0,18,2025
So Hyeong-Jun,05/01/2025,KT,,Doosan,SP,,4.5,1.167,6.0,3,3,5,0,6,2,1,18,2025
Tucker Davidson,05/01/2025,LOTTE,,Kiwoom,SP,W,0.0,0.571,7.0,0,0,3,0,6,1,0,21,2025
Zach Logue,05/02/2025,DOOSAN,,Samsung,SP,,0.0,0.5,6.0,1,0,2,0,2,1,2,18,2025
Andrew Anderson,05/02/2025,SSG,,LG,SP,W,0.0,1.4,5.0,1,0,5,0,6,2,0,15,2025
Unknown_55633,05/02/2025,KIA,,Hanwha,SP,,3.0,0.833,6.0,2,2,4,1,8,1,0,18,2025
Ariel Jurado,05/02/2025,SAMSUNG,,Doosan,SP,,0.0,1.167,6.0,2,0,5,0,5,2,1,18,2025
Ko Young-pyo,05/02/2025,KT,,Kiwoom,SP,L,4.5,3.0,6.0,5,3,16,0,6,2,0,18,2025
Um Sang-back,05/02/2025,HANWHA,,Kia,SP,,3.6,1.4,5.0,2,2,4,0,3,3,0,15,2025
Son Ju-young,05/02/2025,LG,,SSG,SP,L,3.6,1.4,5.0,2,2,5,1,4,2,0,15,2025
Kim Kwang Hyun,05/03/2025,SSG,,LG,SP,L,0.0,1.167,6.0,4,0,6,0,7,1,0,18,2025
Oh Won-seok,05/03/2025,KT,,Kiwoom,SP,W,0.0,1.167,6.0,0,0,4,0,5,3,0,18,2025
Im Chan Kyu,05/03/2025,LG,,SSG,SP,W,1.5,1.167,6.0,1,1,4,0,3,3,0,18,2025
Choi Seung-yong,05/03/2025,DOOSAN,,Samsung,SP,W,1.29,0.714,7.0,1,1,3,0,6,2,0,21,2025
Lee Seung-hyun,05/04/2025,SAMSUNG,,Doosan,SP,,9.0,2.5,2.0,2,2,5,0,1,0,0,6,2025
Cody Ponce,05/04/2025,HANWHA,,Kia,SP,W,0.0,0.571,7.0,1,0,2,0,5,2,0,21,2025
William Cuevas,05/04/2025,KT,,Kiwoom,SP,,6.0,1.167,6.0,4,4,5,0,5,2,0,18,2025
James Naile,05/04/2025,KIA,,Hanwha,SP,,1.29,0.571,7.0,1,1,3,0,10,1,2,21,2025
Park Jong-hun,05/04/2025,SSG,,LG,SP,L,15.75,3.0,4.0,7,7,5,2,2,7,1,12,2025
Mitch White,05/05/2025,SSG,,Lotte,SP,W,1.13,0.5,8.0,1,1,3,0,3,1,0,24,2025
Ryan Weiss,05/05/2025,HANWHA,,Samsung,SP,W,1.29,0.571,7.0,1,1,3,1,5,1,0,21,2025
Song Seung Ki,05/05/2025,LG,,Doosan,SP,L,6.0,1.333,6.0,4,4,8,1,5,0,0,18,2025
Cole Irvin,05/05/2025,DOOSAN,,LG,SP,W,1.5,1.167,6.0,1,1,4,0,5,3,1,18,2025
Allen Logan,05/05/2025,NC,,KT,SP,W,0.0,0.714,7.0,0,0,3,0,3,2,0,21,2025
Kim Yun-ha,05/05/2025,Kiwoom,,Kia,SP,L,18.0,3.333,3.0,6,6,6,0,4,4,0,9,2025
Yang Hyeon-jong,05/05/2025,KIA,,Kiwoom,SP,W,1.5,1.167,6.0,1,1,5,0,5,2,0,18,2025
Riley Thompson,05/06/2025,NC,,KT,SP,W,1.5,1.167,6.0,1,1,7,0,9,0,0,18,2025
Won Tae-in,05/06/2025,SAMSUNG,,Hanwha,SP,L,4.5,1.333,6.0,3,3,7,0,3,1,0,18,2025
Yonny Chirinos,05/06/2025,LG,,Doosan,SP,W,1.29,0.571,7.0,1,1,4,0,5,0,0,21,2025
Ryu Hyun-jin,05/06/2025,HANWHA,,Samsung,SP,W,1.8,1.4,5.0,1,1,4,0,6,3,1,15,2025
Choi Won Joon,05/06/2025,DOOSAN,,LG,SP,L,9.0,1.4,5.0,5,5,6,2,3,1,0,15,2025
Park Se Woong,05/06/2025,LOTTE,,SSG,SP,W,0.0,0.714,7.0,0,0,2,0,7,3,1,21,2025
Kim Do-hyeon,05/06/2025,KIA,,Kiwoom,SP,,4.5,1.167,6.0,3,3,4,0,5,3,0,18,2025
Mok Ji-hoon,05/07/2025,NC,,KT,SP,W,1.8,0.6,5.0,1,1,3,1,5,0,0,15,2025
Zach Logue,05/07/2025,DOOSAN,,LG,SP,W,2.57,0.857,7.0,2,2,5,0,7,1,0,21,2025
Moon Dong-ju,05/07/2025,HANWHA,,Samsung,SP,W,3.0,1.5,6.0,2,2,6,0,8,3,1,18,2025
Ha Yeong-min,05/09/2025,Kiwoom,,Hanwha,SP,,3.0,1.0,6.0,2,2,5,1,8,1,1,18,2025
Cody Ponce,05/10/2025,HANWHA,,Kiwoom,SP,W,1.5,0.833,6.0,1,1,3,1,9,2,0,18,2025
Na Gyun-an,05/10/2025,LOTTE,,KT,SP,,15.0,3.0,3.0,5,5,8,2,1,1,0,9,2025
Choi Seung-yong,05/10/2025,DOOSAN,,NC,SP,,3.6,0.8,5.0,2,2,3,1,3,1,0,15,2025
Son Ju-young,05/10/2025,LG,,Samsung,SP,W,4.5,1.333,6.0,3,3,6,0,6,2,0,18,2025
Shin Min-hyeok,05/10/2025,NC,,Doosan,SP,,4.5,1.333,6.0,3,3,8,1,1,0,0,18,2025
Im Chan Kyu,05/10/2025,LG,,Samsung,SP,W,0.0,1.167,6.0,1,0,2,0,5,5,0,18,2025
Unknown_55633,05/10/2025,KIA,,SSG,SP,,0.0,1.0,6.0,0,0,3,0,7,3,0,18,2025
Ryan Weiss,05/11/2025,HANWHA,,Kiwoom,SP,W,0.0,0.375,8.0,0,0,1,0,9,2,0,24,2025
William Cuevas,05/11/2025,KT,,Lotte,SP,L,7.2,1.8,5.0,4,4,6,1,2,3,2,15,2025
Mitch White,05/11/2025,SSG,,Kia,SP,W,3.6,1.6,5.0,3,2,4,1,3,4,0,15,2025
Kim Yun-ha,05/11/2025,Kiwoom,,Hanwha,SP,L,7.2,1.6,5.0,5,4,5,1,4,3,1,15,2025
Allen Logan,05/11/2025,NC,,Doosan,SP,W,1.8,1.4,5.0,4,1,4,0,0,3,0,15,2025
James Naile,05/11/2025,KIA,,SSG,SP,L,15.75,2.5,4.0,7,7,8,0,4,2,0,12,2025
Kim Kwang Hyun,05/11/2025,SSG,,Kia,SP,W,1.29,0.286,7.0,1,1,1,1,7,1,0,21,2025
Ryu Hyun-jin,05/13/2025,HANWHA,,Doosan,SP,,0.0,1.0,6.0,1,0,6,0,5,0,0,18,2025
Choi Won Joon,05/13/2025,DOOSAN,,Hanwha,SP,,1.5,1.5,6.0,1,1,8,0,3,1,0,18,2025
Riley Thompson,05/13/2025,NC,,SSG,SP,,3.0,0.833,6.0,2,2,4,1,10,1,0,18,2025
Moon Seung Won,05/13/2025,SSG,,NC,SP,,3.0,0.667,6.0,2,2,4,1,2,0,1,18,2025
Enmanuel De Jesus,05/13/2025,KT,,Samsung,SP,L,3.6,1.6,5.0,4,2,6,1,7,2,1,15,2025
Tucker Davidson,05/13/2025,LOTTE,,Kia,SP,L,4.5,1.5,6.0,3,3,7,0,4,2,0,18,2025
Song Seung Ki,05/14/2025,LG,,Kiwoom,SP,W,0.0,1.0,6.0,0,0,4,0,5,2,0,18,2025
So Hyeong-Jun,05/14/2025,KT,,Samsung,SP,W,3.0,1.167,6.0,2,2,5,1,6,2,0,18,2025
Kenny Rosenberg,05/14/2025,Kiwoom,,LG,SP,L,5.4,1.4,5.0,4,3,6,0,6,1,1,15,2025
Won Tae-in,05/14/2025,SAMSUNG,,KT,SP,L,4.5,1.167,6.0,3,3,7,1,7,0,0,18,2025
Mok Ji-hoon,05/14/2025,NC,,SSG,SP,W,1.8,1.4,5.0,1,1,3,0,5,4,0,15,2025
Moon Dong-ju,05/14/2025,HANWHA,,Doosan,SP,L,5.4,1.4,5.0,3,3,6,0,7,1,1,15,2025
Unknown_55633,05/15/2025,KIA,,Lotte,SP,W,3.0,0.667,6.0,2,2,4,0,7,0,0,18,2025
Choi Seung-yong,05/15/2025,DOOSAN,,Hanwha,SP,,9.0,3.0,2.0,2,2,4,0,2,2,1,6,2025
Im Chan Kyu,05/15/2025,LG,,Kiwoom,SP,W,1.29,0.571,7.0,1,1,4,0,6,0,2,21,2025
Um Sang-back,05/15/2025,HANWHA,,Doosan,SP,L,22.5,4.0,2.0,5,5,7,1,2,1,0,6,2025
Andrew Anderson,05/15/2025,SSG,,NC,SP,W,0.0,0.5,6.0,0,0,2,0,10,1,1,18,2025
Ko Young-pyo,05/15/2025,KT,,Samsung,SP,L,9.0,1.75,4.0,5,4,6,0,5,1,0,12,2025
Ariel Jurado,05/15/2025,SAMSUNG,,KT,SP,W,0.0,0.833,6.0,0,0,2,0,2,3,0,18,2025
Ha Yeong-min,05/15/2025,Kiwoom,,LG,SP,L,5.4,1.4,5.0,3,3,4,1,5,3,1,15,2025
Park Se Woong,05/17/2025,LOTTE,,Samsung,SP,,9.0,2.2,5.0,5,5,8,0,5,3,1,15,2025
Choi Won-tae,05/17/2025,SAMSUNG,,Lotte,SP,,15.0,2.0,3.0,5,5,5,0,3,1,1,9,2025
Allen Logan,05/17/2025,NC,,Kiwoom,SP,,0.0,0.833,6.0,1,0,4,0,5,1,0,18,2025
Oh Won-seok,05/17/2025,KT,,LG,SP,W,1.8,1.8,5.0,2,1,8,0,5,1,0,15,2025
James Naile,05/17/2025,KIA,,Doosan,SP,W,2.57,1.143,7.0,2,2,6,1,8,2,1,21,2025
Denyi Reyes,05/17/2025,SAMSUNG,,Lotte,SP,,5.4,1.2,5.0,3,3,5,1,5,1,0,15,2025
Kim Kwang Hyun,05/17/2025,SSG,,Hanwha,SP,L,1.5,1.167,6.0,1,1,5,0,4,2,1,18,2025
Ryan Weiss,05/17/2025,HANWHA,,SSG,SP,L,7.2,1.4,5.0,4,4,5,0,8,2,0,15,2025
Cody Ponce,05/17/2025,HANWHA,,SSG,SP,W,0.0,0.375,8.0,0,0,2,0,18,1,0,24,2025
Yang Hyeon-jong,05/17/2025,KIA,,Doosan,SP,W,1.5,1.167,6.0,1,1,6,1,7,1,0,18,2025
William Cuevas,05/17/2025,KT,,LG,SP,,9.0,2.333,3.0,3,3,3,1,1,4,0,9,2025
Mitch White,05/17/2025,SSG,,Hanwha,SP,W,1.29,0.571,7.0,1,1,3,0,11,1,0,21,2025
Riley Thompson,05/18/2025,NC,,Kiwoom,SP,W,0.0,0.25,8.0,0,0,1,0,12,1,0,24,2025
Yonny Chirinos,05/18/2025,LG,,KT,SP,W,1.5,0.833,6.0,1,1,5,0,3,0,0,18,2025
Ryu Hyun-jin,05/18/2025,HANWHA,,SSG,SP,L,12.0,3.0,3.0,4,4,6,0,2,3,0,9,2025
Enmanuel De Jesus,05/18/2025,KT,,LG,SP,L,7.5,1.167,6.0,5,5,6,2,9,1,0,18,2025
Kim Do-hyeon,05/18/2025,KIA,,Doosan,SP,,4.5,1.667,6.0,3,3,8,1,4,2,0,18,2025
Tucker Davidson,05/18/2025,LOTTE,,Samsung,SP,W,1.5,1.333,6.0,1,1,5,0,8,3,0,18,2025
Moon Seung Won,05/18/2025,SSG,,Hanwha,SP,W,3.6,1.8,5.0,2,2,8,0,1,1,1,15,2025
Mok Ji-hoon,05/20/2025,NC,,Hanwha,SP,L,6.0,1.5,6.0,4,4,6,1,3,3,1,18,2025
Moon Dong-ju,05/20/2025,HANWHA,,NC,SP,W,0.0,1.0,6.0,0,0,4,0,4,2,0,18,2025
Song Seung Ki,05/20/2025,LG,,Lotte,SP,W,5.4,1.6,5.0,3,3,7,1,4,1,0,15,2025
Kenny Rosenberg,05/20/2025,Kiwoom,,Samsung,SP,,1.5,0.833,6.0,1,1,4,0,6,1,0,18,2025
Zach Logue,05/20/2025,DOOSAN,,SSG,SP,L,2.57,0.857,7.0,4,2,4,0,5,2,1,21,2025
Won Tae-in,05/20/2025,SAMSUNG,,Kiwoom,SP,,1.13,0.875,8.0,1,1,5,0,6,2,1,24,2025
Ariel Jurado,05/21/2025,SAMSUNG,,Kiwoom,SP,W,1.5,1.0,6.0,1,1,5,0,4,1,0,18,2025
Ko Young-pyo,05/21/2025,KT,,Kia,SP,W,1.29,1.286,7.0,1,1,8,0,4,1,0,21,2025
Andrew Anderson,05/21/2025,SSG,,Doosan,SP,W,0.0,1.167,6.0,0,0,5,0,8,2,0,18,2025
Na Gyun-an,05/21/2025,LOTTE,,LG,SP,,5.4,2.0,5.0,4,3,8,2,6,2,0,15,2025
Unknown_55633,05/21/2025,KIA,,KT,SP,L,1.8,1.6,5.0,2,1,6,0,8,2,0,15,2025
Shin Min-hyeok,05/21/2025,NC,,Hanwha,SP,W,3.0,0.833,6.0,2,2,4,0,4,1,0,18,2025
Ha Yeong-min,05/21/2025,Kiwoom,,Samsung,SP,L,3.86,1.0,7.0,3,3,4,0,6,3,0,21,2025
Cody Ponce,05/22/2025,HANWHA,,NC,SP,,3.6,1.2,5.0,2,2,5,0,4,1,0,15,2025
Kim Kwang Hyun,05/22/2025,SSG,,Doosan,SP,,1.5,1.0,6.0,1,1,5,0,7,1,0,18,2025
William Cuevas,05/22/2025,KT,,Kia,SP,L,10.8,2.6,5.0,7,6,11,1,3,2,0,15,2025
Ryan Weiss,05/23/2025,HANWHA,,Lotte,SP,W,2.25,0.5,8.0,2,2,4,1,11,0,0,24,2025
Son Ju-young,05/23/2025,LG,,SSG,SP,W,1.29,0.571,7.0,1,1,2,0,11,2,0,21,2025
Oh Won-seok,05/23/2025,KT,,Kiwoom,SP,W,5.4,1.6,5.0,3,3,6,1,1,2,0,15,2025
Allen Logan,05/23/2025,NC,,Doosan,SP,,1.29,1.286,7.0,1,1,7,0,6,2,0,21,2025
Cole Irvin,05/23/2025,DOOSAN,,NC,SP,,0.0,0.667,6.0,0,0,1,0,4,3,1,18,2025
Mitch White,05/23/2025,SSG,,LG,SP,L,3.0,1.0,6.0,2,2,4,0,2,2,0,18,2025
Enmanuel De Jesus,05/24/2025,KT,,Kiwoom,SP,W,6.0,1.5,6.0,4,4,8,1,7,1,0,18,2025
Choi Won Joon,05/24/2025,DOOSAN,,NC,SP,L,6.0,1.333,6.0,4,4,6,2,5,2,0,18,2025
Ryu Hyun-jin,05/24/2025,HANWHA,,Lotte,SP,,5.4,1.6,5.0,3,3,7,0,4,1,0,15,2025
Riley Thompson,05/24/2025,NC,,Doosan,SP,W,1.5,1.167,6.0,1,1,5,0,4,2,1,18,2025
Tucker Davidson,05/24/2025,LOTTE,,Hanwha,SP,,7.2,1.8,5.0,6,4,8,2,6,1,1,15,2025
So Hyeong-Jun,05/25/2025,KT,,Kiwoom,SP,W,0.0,0.857,7.0,0,0,6,0,5,0,0,21,2025
Zach Logue,05/25/2025,DOOSAN,,NC,SP,W,4.5,1.167,6.0,3,3,5,0,6,2,2,18,2025
Won Tae-in,05/25/2025,SAMSUNG,,Kia,SP,,1.5,0.833,6.0,1,1,5,1,7,0,0,18,2025
Kim Jin-uk,05/27/2025,LOTTE,,Samsung,SP,,27.0,3.0,1.0,3,3,3,1,2,0,0,3,2025
Andrew Anderson,05/27/2025,SSG,,NC,SP,,0.0,0.714,7.0,0,0,5,0,8,0,0,21,2025
Unknown_55633,05/27/2025,KIA,,Kiwoom,SP,,3.0,1.167,6.0,2,2,6,0,7,1,0,18,2025
Choi Seung-yong,05/27/2025,DOOSAN,,KT,SP,L,3.0,1.667,6.0,2,2,8,0,2,2,0,18,2025
Ha Yeong-min,05/27/2025,Kiwoom,,Kia,SP,,5.4,2.0,5.0,3,3,8,1,6,2,0,15,2025
Ariel Jurado,05/27/2025,SAMSUNG,,Lotte,SP,W,1.5,1.333,6.0,1,1,8,0,3,0,0,18,2025
Shin Min-hyeok,05/27/2025,NC,,SSG,SP,,1.5,0.5,6.0,1,1,3,0,4,0,0,18,2025
Im Chan Kyu,05/27/2025,LG,,Hanwha,SP,W,1.29,1.0,7.0,1,1,5,0,7,2,0,21,2025
Cody Ponce,05/28/2025,HANWHA,,LG,SP,,5.14,0.857,7.0,4,4,6,2,8,0,1,21,2025
Kim Kwang Hyun,05/28/2025,SSG,,NC,SP,W,7.2,1.6,5.0,4,4,5,0,4,3,0,15,2025
William Cuevas,05/28/2025,KT,,Doosan,SP,L,9.0,1.6,5.0,6,5,6,1,7,2,0,15,2025
James Naile,05/29/2025,KIA,,Kiwoom,SP,,3.0,1.5,6.0,2,2,8,0,2,1,2,18,2025
Son Ju-young,05/29/2025,LG,,Hanwha,SP,W,1.29,0.857,7.0,1,1,5,0,6,1,0,21,2025
Oh Won-seok,05/29/2025,KT,,Doosan,SP,W,1.5,1.333,6.0,1,1,7,0,3,1,0,18,2025
Choi Won-tae,05/29/2025,SAMSUNG,,Lotte,SP,W,3.6,1.4,5.0,2,2,3,2,7,4,1,15,2025
Kim Yun-ha,05/29/2025,Kiwoom,,Kia,SP,,1.5,1.333,6.0,3,1,6,0,5,2,0,18,2025
Ryan Weiss,05/29/2025,HANWHA,,LG,SP,,1.5,1.167,6.0,1,1,6,1,6,1,0,18,2025
Kim Jin-uk,05/30/2025,LOTTE,,SSG,SP,,0.0,0.0,0.0,0,0,1,0,0,0,0,0,2025
Enmanuel De Jesus,05/30/2025,KT,,Kia,SP,W,0.0,0.714,7.0,0,0,4,0,9,1,0,21,2025
Tucker Davidson,05/30/2025,LOTTE,,SSG,SP,,3.6,1.6,5.0,3,2,6,0,3,2,0,15,2025
Ryu Hyun-jin,05/30/2025,HANWHA,,NC,SP,W,1.5,0.833,6.0,1,1,3,0,5,2,0,18,2025
Mitch White,05/30/2025,SSG,,Lotte,SP,,5.4,2.0,5.0,4,3,8,0,9,2,0,15,2025
Riley Thompson,05/30/2025,NC,,Hanwha,SP,L,7.5,1.667,6.0,6,5,7,1,5,3,0,18,2025
Elieser Hernandez,05/30/2025,LG,,Samsung,SP,,0.0,1.167,6.0,1,0,6,0,4,1,0,18,2025
Kim Do-hyeon,05/30/2025,KIA,,KT,SP,L,5.4,1.6,5.0,3,3,6,1,5,2,1,15,2025
Yonny Chirinos,05/31/2025,LG,,Samsung,SP,L,6.0,1.667,6.0,4,4,9,0,4,1,0,18,2025
So Hyeong-Jun,05/31/2025,KT,,Kia,SP,,0.0,1.0,6.0,1,0,4,0,6,2,0,18,2025
Won Tae-in,05/31/2025,SAMSUNG,,LG,SP,W,3.6,1.2,5.0,2,2,5,0,4,1,0,15,2025
Zach Logue,05/31/2025,DOOSAN,,Kiwoom,SP,L,1.29,0.429,7.0,1,1,2,1,7,1,0,21,2025
Um Sang-back,05/31/2025,HANWHA,,NC,SP,,3.6,1.6,5.0,2,2,8,0,1,0,2,15,2025
Na Gyun-an,05/31/2025,LOTTE,,SSG,SP,L,7.2,2.0,5.0,4,4,4,1,4,6,0,15,2025
Raul Alcántara,06/01/2025,Kiwoom,,Doosan,SP,W,0.0,1.167,6.0,0,0,6,0,4,1,1,18,2025
Unknown_55633,06/01/2025,KIA,,KT,SP,W,4.5,1.0,6.0,3,3,6,0,5,0,1,18,2025
Andrew Anderson,06/01/2025,SSG,,Lotte,SP,,4.5,1.167,6.0,3,3,4,1,5,3,0,18,2025
Im Chan Kyu,06/01/2025,LG,,Samsung,SP,,5.4,1.6,5.0,3,3,7,0,4,1,0,15,2025
Song Seung Ki,06/03/2025,LG,,NC,SP,W,0.0,0.333,6.0,0,0,1,0,7,1,0,18,2025
Alec Gamboa,06/03/2025,LOTTE,,Kiwoom,SP,W,0.0,0.429,7.0,0,0,2,0,6,1,0,21,2025
Yang Hyeon-jong,06/03/2025,KIA,,Doosan,SP,W,1.8,1.2,5.0,2,1,5,0,5,1,0,15,2025
Cody Ponce,06/03/2025,HANWHA,,KT,SP,W,0.0,0.5,6.0,0,0,2,0,7,1,0,18,2025
Kim Yun-ha,06/04/2025,Kiwoom,,Lotte,SP,,6.75,2.25,4.0,3,3,6,0,0,3,0,12,2025
Kim Jin-uk,06/04/2025,LOTTE,,Kiwoom,SP,,13.5,2.985,0.67,1,1,2,1,0,0,0,2,2025
Ryan Weiss,06/04/2025,HANWHA,,KT,SP,,3.6,1.4,5.0,2,2,4,0,4,3,1,15,2025
James Naile,06/04/2025,KIA,,Doosan,SP,W,5.4,1.6,5.0,3,3,6,1,5,2,1,15,2025
Allen Logan,06/04/2025,NC,,LG,SP,W,3.0,1.667,6.0,2,2,6,0,6,4,0,18,2025
Son Ju-young,06/04/2025,LG,,NC,SP,L,7.2,2.2,5.0,4,4,9,1,3,2,1,15,2025
Kim Do-hyeon,06/05/2025,KIA,,Doosan,SP,,1.29,0.857,7.0,1,1,5,0,7,1,1,21,2025
Enmanuel De Jesus,06/05/2025,KT,,Hanwha,SP,W,0.0,0.571,7.0,0,0,2,0,8,2,0,21,2025
Ha Yeong-min,06/05/2025,Kiwoom,,Lotte,SP,W,3.86,1.143,7.0,3,3,7,1,5,1,1,21,2025
Mitch White,06/05/2025,SSG,,Samsung,SP,L,0.0,1.167,6.0,1,0,6,0,8,1,0,18,2025
Um Sang-back,06/06/2025,HANWHA,,Kia,SP,L,3.0,1.0,6.0,2,2,6,1,9,0,0,18,2025
Won Tae-in,06/06/2025,SAMSUNG,,NC,SP,W,3.86,1.286,7.0,3,3,9,1,1,0,0,21,2025
Kim Jin-uk,06/06/2025,LOTTE,,Doosan,SP,,0.0,2.985,0.67,0,0,1,0,0,1,0,2,2025
Zach Logue,06/06/2025,DOOSAN,,Lotte,SP,W,0.0,0.333,6.0,0,0,2,0,4,0,1,18,2025
Kenny Rosenberg,06/06/2025,Kiwoom,,LG,SP,,1.8,1.2,5.0,1,1,3,0,3,3,0,15,2025
So Hyeong-Jun,06/06/2025,KT,,SSG,SP,W,4.5,1.0,6.0,3,3,6,1,6,0,0,18,2025
Yonny Chirinos,06/06/2025,LG,,Kiwoom,SP,,0.0,1.0,7.0,0,0,5,0,4,2,1,21,2025
Unknown_55633,06/07/2025,KIA,,Hanwha,SP,,2.57,1.0,7.0,2,2,6,0,9,1,1,21,2025
Choi Seung-yong,06/07/2025,DOOSAN,,Lotte,SP,L,7.5,1.5,6.0,6,5,9,1,4,0,0,18,2025
Raul Alcántara,06/07/2025,Kiwoom,,LG,SP,W,1.13,0.375,8.0,1,1,3,0,6,0,0,24,2025
Ko Young-pyo,06/07/2025,KT,,SSG,SP,W,1.5,1.333,6.0,1,1,7,0,7,1,1,18,2025
Denyi Reyes,06/07/2025,SAMSUNG,,NC,SP,,12.0,2.667,3.0,4,4,6,1,3,2,0,9,2025
Im Chan Kyu,06/07/2025,LG,,Kiwoom,SP,L,5.4,1.4,5.0,3,3,6,0,1,1,0,15,2025
Shin Min-hyeok,06/07/2025,NC,,Samsung,SP,,10.8,0.0,0.0,6,2,3,1,0,1,0,0,2025
Ariel Jurado,06/08/2025,SAMSUNG,,NC,SP,W,0.0,0.444,9.0,0,0,2,0,6,2,0,27,2025
Jung Hyun-woo,06/08/2025,Kiwoom,,LG,SP,L,1.8,0.4,5.0,1,1,2,0,5,0,0,15,2025
William Cuevas,06/08/2025,KT,,SSG,SP,L,3.6,1.2,5.0,3,2,4,1,2,2,1,15,2025
Cody Ponce,06/08/2025,HANWHA,,Kia,SP,,9.0,1.4,5.0,5,5,5,2,7,2,1,15,2025
Song Seung Ki,06/08/2025,LG,,Kiwoom,SP,W,0.0,0.571,7.0,0,0,2,0,5,2,1,21,2025
Park Se Woong,06/10/2025,LOTTE,,KT,SP,L,14.4,2.8,5.0,8,8,12,2,2,2,0,15,2025
Choi Won-tae,06/10/2025,SAMSUNG,,Kia,SP,W,0.0,0.833,6.0,0,0,2,0,7,3,0,18,2025
Allen Logan,06/10/2025,NC,,Kiwoom,SP,,3.0,1.5,6.0,2,2,8,1,3,1,0,18,2025
Oh Won-seok,06/10/2025,KT,,Lotte,SP,W,4.5,1.5,6.0,3,3,6,0,5,3,0,18,2025
Ryan Weiss,06/10/2025,HANWHA,,Doosan,SP,W,0.0,0.571,7.0,0,0,3,0,10,1,0,21,2025
Cole Irvin,06/10/2025,DOOSAN,,Hanwha,SP,L,1.5,0.333,6.0,1,1,2,0,6,0,1,18,2025
Kim Yun-ha,06/10/2025,Kiwoom,,NC,SP,,0.0,1.4,5.0,0,0,5,0,5,2,1,15,2025
Enmanuel De Jesus,06/11/2025,KT,,Lotte,SP,,1.5,1.5,6.0,1,1,6,0,5,3,0,18,2025
Riley Thompson,06/11/2025,NC,,Kiwoom,SP,W,0.0,0.429,7.0,0,0,2,0,15,1,0,21,2025
Ha Yeong-min,06/11/2025,Kiwoom,,NC,SP,L,7.2,1.6,5.0,4,4,6,0,5,2,2,15,2025
So Hyeong-Jun,06/12/2025,KT,,Lotte,SP,,10.8,2.0,5.0,6,6,9,0,5,1,1,15,2025
Kim Jin-uk,06/12/2025,LOTTE,,KT,SP,,27.0,4.5,2.0,6,6,9,2,1,0,0,6,2025
Na Gyun-an,06/12/2025,LOTTE,,KT,SP,,0.0,2.0,1.0,0,0,1,0,0,1,0,3,2025
Um Sang-back,06/12/2025,HANWHA,,Doosan,SP,,3.6,1.0,5.0,2,2,4,0,9,1,0,15,2025
Shin Min-hyeok,06/13/2025,NC,,Kia,SP,W,1.8,1.2,5.0,1,1,5,1,1,1,0,15,2025
Unknown_55633,06/13/2025,KIA,,NC,SP,L,7.2,1.8,5.0,4,4,7,0,6,2,1,15,2025
Choi Seung-yong,06/14/2025,DOOSAN,,Kiwoom,SP,W,0.0,0.833,6.0,0,0,3,0,2,2,0,18,2025
Cody Ponce,06/14/2025,HANWHA,,LG,SP,,1.5,0.667,6.0,1,1,4,0,10,0,1,18,2025
Im Chan Kyu,06/14/2025,LG,,Hanwha,SP,,0.0,0.667,6.0,0,0,2,0,3,2,1,18,2025
Raul Alcántara,06/14/2025,Kiwoom,,Doosan,SP,L,3.0,1.667,6.0,4,2,9,1,5,1,0,18,2025
Kim Kwang Hyun,06/14/2025,SSG,,Lotte,SP,L,3.0,1.0,6.0,2,2,4,1,4,2,0,18,2025
William Cuevas,06/14/2025,KT,,Samsung,SP,W,0.0,0.857,7.0,0,0,4,0,8,2,0,21,2025
Alec Gamboa,06/14/2025,LOTTE,,SSG,SP,W,1.5,1.333,6.0,1,1,7,0,6,1,0,18,2025
Yang Hyeon-jong,06/14/2025,KIA,,NC,SP,W,5.4,1.2,5.0,3,3,4,1,3,2,0,15,2025
Allen Logan,06/15/2025,NC,,Kia,SP,L,4.5,1.333,6.0,3,3,7,1,10,1,0,18,2025
Choi Won-tae,06/15/2025,SAMSUNG,,KT,SP,L,13.5,1.75,4.0,6,6,6,2,3,1,0,12,2025
Andrew Anderson,06/15/2025,SSG,,Lotte,SP,W,0.0,0.857,7.0,0,0,5,0,11,1,0,21,2025
Ko Young-pyo,06/15/2025,KT,,Samsung,SP,W,3.0,2.0,6.0,3,2,10,0,4,2,0,18,2025
Mitch White,06/17/2025,SSG,,Kiwoom,SP,W,0.0,0.667,6.0,0,0,3,0,6,1,1,18,2025
Kim Do-hyeon,06/17/2025,KIA,,KT,SP,W,1.5,1.333,6.0,2,1,4,0,4,4,1,18,2025
Enmanuel De Jesus,06/17/2025,KT,,Kia,SP,L,10.8,1.6,5.0,6,6,7,0,7,1,1,15,2025
Kim Yun-ha,06/17/2025,Kiwoom,,SSG,SP,L,5.4,2.0,5.0,3,3,6,0,1,4,0,15,2025
Elieser Hernandez,06/17/2025,LG,,NC,SP,L,9.0,1.0,1.0,1,1,1,0,2,0,1,3,2025
Riley Thompson,06/17/2025,NC,,LG,SP,W,3.0,1.167,6.0,2,2,5,1,7,2,0,18,2025
Won Tae-in,06/17/2025,SAMSUNG,,Doosan,SP,W,0.0,0.571,7.0,0,0,4,0,3,0,0,21,2025
Ryan Weiss,06/17/2025,HANWHA,,Lotte,SP,W,0.0,0.375,8.0,0,0,3,0,9,0,0,24,2025
Ha Yeong-min,06/18/2025,Kiwoom,,SSG,SP,W,1.5,1.5,6.0,1,1,9,0,1,0,0,18,2025
So Hyeong-Jun,06/18/2025,KT,,Kia,SP,,4.5,1.667,6.0,3,3,9,0,4,1,0,18,2025
Zach Logue,06/19/2025,DOOSAN,,Samsung,SP,,12.6,1.8,5.0,7,7,6,2,6,3,1,15,2025
Na Gyun-an,06/19/2025,LOTTE,,Hanwha,SP,W,0.0,1.0,6.0,0,0,4,0,6,2,0,18,2025
Shin Min-hyeok,06/19/2025,NC,,LG,SP,W,0.0,0.571,7.0,0,0,3,0,7,1,1,21,2025
Unknown_55633,06/19/2025,KIA,,KT,SP,W,0.0,1.5,6.0,0,0,6,0,10,3,0,18,2025
Alec Gamboa,06/20/2025,LOTTE,,Samsung,SP,W,1.5,1.333,6.0,1,1,4,1,8,4,0,18,2025
Oh Won-seok,06/21/2025,KT,,NC,SP,,5.4,1.4,5.0,3,3,4,0,5,3,0,15,2025
Son Ju-young,06/21/2025,LG,,Doosan,SP,L,54.0,9.091,0.33,2,2,3,0,0,0,0,0,2025
Mok Ji-hoon,06/21/2025,NC,,KT,SP,,0.0,1.5,6.0,0,0,5,0,4,4,0,18,2025
Yang Hyeon-jong,06/21/2025,KIA,,SSG,SP,,3.0,0.833,6.0,2,2,4,2,6,1,0,18,2025
Elieser Hernandez,06/21/2025,LG,,Doosan,SP,,9.0,1.75,4.0,4,4,5,0,4,2,0,12,2025
Park Se Woong,06/22/2025,LOTTE,,Samsung,SP,,18.0,3.667,3.0,6,6,8,1,3,3,0,9,2025
Allen Logan,06/22/2025,NC,,KT,SP,W,0.0,1.0,7.0,0,0,3,0,6,4,0,21,2025
Choi Seung-yong,06/22/2025,DOOSAN,,LG,SP,L,34.71,0.0,0.0,9,9,8,0,0,4,1,0,2025
Raul Alcántara,06/22/2025,Kiwoom,,Hanwha,SP,L,15.75,3.25,4.0,7,7,13,1,2,0,0,12,2025
Won Tae-in,06/22/2025,SAMSUNG,,Lotte,SP,,4.5,1.333,6.0,3,3,7,0,5,1,0,18,2025
Song Seung Ki,06/22/2025,LG,,Doosan,SP,W,1.5,1.5,6.0,1,1,6,1,4,3,0,18,2025
Andrew Anderson,06/22/2025,SSG,,Kia,SP,,0.0,1.5,6.0,1,0,5,0,9,4,0,18,2025
Choi Won Joon,06/24/2025,DOOSAN,,SSG,SP,,0.0,0.5,2.0,0,0,1,0,0,0,0,6,2025
Mitch White,06/24/2025,SSG,,Doosan,SP,L,9.0,2.0,5.0,5,5,9,0,5,1,1,15,2025
Kim Yun-ha,06/24/2025,Kiwoom,,Kia,SP,,11.25,3.0,4.0,5,5,7,2,6,5,0,12,2025
Enmanuel De Jesus,06/24/2025,KT,,LG,SP,W,0.0,1.5,6.0,0,0,7,0,4,2,1,18,2025
Yonny Chirinos,06/24/2025,LG,,KT,SP,L,1.8,1.2,5.0,1,1,5,0,4,1,0,15,2025
Ryan Weiss,06/25/2025,HANWHA,,Samsung,SP,L,9.0,2.0,3.0,5,3,6,1,1,0,2,9,2025
Riley Thompson,06/25/2025,NC,,Lotte,SP,W,1.5,0.667,6.0,2,1,3,0,9,1,0,18,2025
Unknown_55633,06/25/2025,KIA,,Kiwoom,SP,W,3.0,1.0,6.0,2,2,5,0,5,1,0,18,2025
Ariel Jurado,06/25/2025,SAMSUNG,,Hanwha,SP,W,1.29,0.571,7.0,1,1,4,1,6,0,0,21,2025
Im Chan Kyu,06/26/2025,LG,,KT,SP,,3.6,1.2,5.0,2,2,5,1,3,1,1,15,2025
Ha Yeong-min,06/26/2025,Kiwoom,,Kia,SP,,6.0,1.167,6.0,4,4,5,0,6,2,0,18,2025
Shin Min-hyeok,06/27/2025,NC,,Doosan,SP,,9.0,2.0,5.0,5,5,10,3,2,0,0,15,2025
Son Ju-young,06/27/2025,LG,,Kia,SP,,1.5,0.833,6.0,2,1,4,0,3,1,0,18,2025
Yang Hyeon-jong,06/27/2025,KIA,,LG,SP,,4.5,1.167,6.0,3,3,4,1,2,3,0,18,2025
Choi Won-tae,06/27/2025,SAMSUNG,,Kiwoom,SP,,1.8,1.8,5.0,1,1,4,0,7,5,0,15,2025
Jung Hyun-woo,06/27/2025,Kiwoom,,Samsung,SP,,0.0,0.667,6.0,4,0,1,0,5,3,1,18,2025
Um Sang-back,06/27/2025,HANWHA,,SSG,SP,,7.2,2.0,5.0,4,4,6,1,2,4,0,15,2025
Won Tae-in,06/28/2025,SAMSUNG,,Kiwoom,SP,L,12.6,1.4,5.0,8,7,7,4,3,0,1,15,2025
Zach Logue,06/28/2025,DOOSAN,,NC,SP,,1.29,1.0,7.0,1,1,6,1,4,1,0,21,2025
Allen Logan,06/28/2025,NC,,Doosan,SP,W,0.0,0.5,8.0,1,0,3,0,8,1,0,24,2025
Cody Ponce,06/28/2025,HANWHA,,SSG,SP,W,1.29,1.143,7.0,1,1,6,1,9,2,0,21,2025
Oh Won-seok,06/28/2025,KT,,Lotte,SP,W,0.0,1.0,6.0,0,0,3,0,3,3,0,18,2025
Ryu Hyun-jin,06/29/2025,HANWHA,,SSG,SP,L,1.8,1.4,5.0,1,1,6,1,9,1,0,15,2025
Mitch White,06/29/2025,SSG,,Hanwha,SP,W,0.0,0.833,6.0,0,0,3,0,10,2,0,18,2025
Ariel Jurado,07/01/2025,SAMSUNG,,Doosan,SP,W,0.0,0.571,7.0,0,0,3,0,4,1,0,21,2025
Enmanuel De Jesus,07/01/2025,KT,,Kiwoom,SP,L,12.6,2.2,5.0,7,7,11,1,5,0,0,15,2025
Ryan Weiss,07/01/2025,HANWHA,,NC,SP,,9.0,2.25,4.0,4,4,6,0,5,3,0,12,2025
Riley Thompson,07/01/2025,NC,,Hanwha,SP,,2.57,0.857,7.0,2,2,6,2,9,0,0,21,2025
Elieser Hernandez,07/01/2025,LG,,Lotte,SP,,2.25,1.5,4.0,1,1,2,0,4,4,0,12,2025
Tucker Davidson,07/01/2025,LOTTE,,LG,SP,L,3.0,1.5,6.0,2,2,6,1,8,3,0,18,2025
Ha Yeong-min,07/02/2025,Kiwoom,,KT,SP,L,4.5,1.167,6.0,4,3,7,0,2,0,0,18,2025
Lee Seung-hyun,07/02/2025,SAMSUNG,,Doosan,SP,,0.0,1.493,0.67,0,0,1,0,0,0,0,2,2025
Mok Ji-hoon,07/02/2025,NC,,Hanwha,SP,W,0.0,0.8,5.0,0,0,3,0,6,1,1,15,2025
Choi Won-tae,07/03/2025,SAMSUNG,,Doosan,SP,,4.5,1.667,6.0,3,3,9,0,3,1,0,18,2025
Moon Seung Won,07/03/2025,SSG,,Kia,SP,,3.0,1.0,6.0,2,2,4,0,5,2,0,18,2025
Jung Hyun-woo,07/03/2025,Kiwoom,,KT,SP,L,9.0,2.0,5.0,5,5,5,1,2,5,0,15,2025
Son Ju-young,07/03/2025,LG,,Lotte,SP,,0.0,1.0,6.0,0,0,5,0,8,1,0,18,2025
Ko Young-pyo,07/03/2025,KT,,Kiwoom,SP,W,1.5,0.5,6.0,1,1,3,1,6,0,1,18,2025
Yang Hyeon-jong,07/03/2025,KIA,,SSG,SP,,3.0,1.0,6.0,2,2,5,0,4,1,0,18,2025
Oh Won-seok,07/04/2025,KT,,Doosan,SP,W,1.5,1.0,6.0,1,1,4,0,5,2,0,18,2025
Zach Logue,07/04/2025,DOOSAN,,KT,SP,L,6.75,2.25,4.0,5,3,5,0,1,4,0,12,2025
Cody Ponce,07/04/2025,HANWHA,,Kiwoom,SP,,1.29,0.857,7.0,1,1,5,0,11,1,0,21,2025
James Naile,07/04/2025,KIA,,Lotte,SP,,0.0,0.5,6.0,0,0,3,0,7,0,0,18,2025
Na Gyun-an,07/04/2025,LOTTE,,Kia,SP,,1.5,1.0,6.0,2,1,5,0,3,1,0,18,2025
Allen Logan,07/04/2025,NC,,SSG,SP,L,1.29,0.714,7.0,1,1,3,0,5,2,0,21,2025
Andrew Anderson,07/04/2025,SSG,,NC,SP,W,0.0,0.667,6.0,0,0,3,0,6,1,1,18,2025
Kim Do-hyeon,07/05/2025,KIA,,Lotte,SP,W,0.0,0.571,7.0,0,0,3,0,1,1,1,21,2025
Mitch White,07/05/2025,SSG,,NC,SP,W,0.0,0.667,6.0,1,0,2,0,7,2,1,18,2025
Ryu Hyun-jin,07/05/2025,HANWHA,,Kiwoom,SP,,1.8,1.4,5.0,3,1,5,0,4,2,0,15,2025
Choi Won Joon,07/05/2025,DOOSAN,,KT,SP,W,1.5,1.333,6.0,1,1,5,0,2,3,1,18,2025
Park Se Woong,07/05/2025,LOTTE,,Kia,SP,L,18.0,3.25,4.0,8,8,11,3,3,2,0,12,2025
Ariel Jurado,07/06/2025,SAMSUNG,,LG,SP,L,3.86,1.286,7.0,3,3,8,1,5,1,0,21,2025
Enmanuel De Jesus,07/06/2025,KT,,Doosan,SP,,4.5,1.0,6.0,3,3,6,1,6,0,1,18,2025
Choi Seung-yong,07/06/2025,DOOSAN,,KT,SP,,9.0,2.0,4.0,4,4,6,0,3,2,0,12,2025
Ryan Weiss,07/06/2025,HANWHA,,Kiwoom,SP,W,0.0,0.667,6.0,0,0,2,0,11,2,0,18,2025
Elieser Hernandez,07/06/2025,LG,,Samsung,SP,W,3.0,0.833,6.0,2,2,5,1,7,0,0,18,2025
Lee Seung-hyun,07/08/2025,SAMSUNG,,NC,SP,H,0.0,0.0,1.0,0,0,0,0,1,0,0,3,2025
Kim Jin-uk,07/08/2025,LOTTE,,Doosan,SP,,0.0,0.0,0.0,1,1,1,1,0,0,0,0,2025
Ha Yeong-min,07/08/2025,Kiwoom,,LG,SP,,3.0,1.333,6.0,2,2,6,0,5,2,0,18,2025
Kim Kwang Hyun,07/08/2025,SSG,,KT,SP,,1.8,0.8,5.0,1,1,2,0,3,2,0,15,2025
Moon Dong-ju,07/08/2025,HANWHA,,Kia,SP,W,5.4,2.2,5.0,3,3,8,0,5,3,0,15,2025
Im Chan Kyu,07/08/2025,LG,,Kiwoom,SP,,3.0,1.167,6.0,3,2,6,1,5,1,0,18,2025
Jung Hyun-woo,07/09/2025,Kiwoom,,LG,SP,L,15.75,3.5,4.0,7,7,10,0,2,4,0,12,2025
Yang Hyeon-jong,07/09/2025,KIA,,Hanwha,SP,L,11.25,1.75,4.0,5,5,5,1,5,2,0,12,2025
So Hyeong-Jun,07/09/2025,KT,,SSG,SP,W,1.29,1.143,7.0,2,1,8,0,3,0,0,21,2025
Choi Won-tae,07/09/2025,SAMSUNG,,NC,SP,L,3.0,1.167,6.0,3,2,5,0,3,2,1,18,2025
Shin Min-hyeok,07/09/2025,NC,,Samsung,SP,W,0.0,0.667,6.0,0,0,3,0,2,1,1,18,2025
Zach Logue,07/10/2025,DOOSAN,,Lotte,SP,W,0.0,0.875,8.0,0,0,4,0,3,3,0,24,2025
James Naile,07/10/2025,KIA,,Hanwha,SP,,0.0,1.0,6.0,0,0,3,0,5,3,0,18,2025
Lee Seung-hyun,07/10/2025,SAMSUNG,,NC,SP,,27.0,3.03,0.33,1,1,1,0,0,0,0,0,2025
Andrew Anderson,07/10/2025,SSG,,KT,SP,,3.6,0.8,5.0,2,2,2,0,7,2,0,15,2025
Ko Young-pyo,07/10/2025,KT,,SSG,SP,W,1.5,1.167,6.0,2,1,4,1,7,3,0,18,2025
Allen Logan,07/10/2025,NC,,Samsung,SP,,7.2,2.2,5.0,4,4,9,2,6,2,1,15,2025
Alec Gamboa,07/18/2025,LOTTE,,LG,SP,L,3.0,1.333,6.0,2,2,5,1,8,3,0,18,2025
Cody Ponce,07/18/2025,HANWHA,,KT,SP,W,0.0,0.5,6.0,0,0,2,0,8,1,1,18,2025
Son Ju-young,07/18/2025,LG,,Lotte,SP,W,1.5,1.167,6.0,1,1,7,0,3,0,0,18,2025
Oh Won-seok,07/18/2025,KT,,Hanwha,SP,L,5.4,1.6,5.0,5,3,5,1,6,3,0,15,2025
Tucker Davidson,07/19/2025,LOTTE,,LG,SP,W,1.8,1.4,5.0,1,1,5,0,5,2,1,15,2025
Enmanuel De Jesus,07/19/2025,KT,,Hanwha,SP,,15.0,3.667,3.0,5,5,9,0,0,2,0,9,2025
Ryan Weiss,07/19/2025,HANWHA,,KT,SP,,15.0,2.667,3.0,5,5,7,0,5,1,0,9,2025
Choi Won Joon,07/19/2025,DOOSAN,,SSG,SP,,0.0,1.0,1.0,0,0,1,0,0,0,0,3,2025
Cole Irvin,07/19/2025,DOOSAN,,SSG,SP,W,0.0,1.6,5.0,0,0,3,0,7,5,0,15,2025
Elieser Hernandez,07/19/2025,LG,,Lotte,SP,L,4.5,1.0,6.0,3,3,3,0,3,3,0,18,2025
Andrew Anderson,07/19/2025,SSG,,Doosan,SP,L,7.2,1.2,5.0,4,4,5,3,10,1,0,15,2025
Ariel Jurado,07/20/2025,SAMSUNG,,Kiwoom,SP,,4.5,3.0,4.0,7,2,11,1,2,1,1,12,2025
Lee Seung-hyun,07/20/2025,SAMSUNG,,Kiwoom,SP,W,0.0,0.0,1.0,0,0,0,0,1,0,0,3,2025
Ryu Hyun-jin,07/20/2025,HANWHA,,KT,SP,W,0.0,0.6,5.0,0,0,2,0,3,1,1,15,2025
Kim Kwang Hyun,07/20/2025,SSG,,Doosan,SP,,1.5,0.833,6.0,1,1,4,0,9,1,0,18,2025
Raul Alcántara,07/20/2025,Kiwoom,,Samsung,SP,,12.6,2.0,5.0,7,7,10,4,4,0,0,15,2025
So Hyeong-Jun,07/20/2025,KT,,Hanwha,SP,L,3.0,1.167,6.0,2,2,5,0,6,2,1,18,2025
Choi Won Joon,07/22/2025,DOOSAN,,Hanwha,SP,,13.5,2.985,0.67,1,1,2,1,0,0,0,2,2025
Ko Young-pyo,07/22/2025,KT,,NC,SP,W,0.0,0.429,7.0,0,0,2,0,8,1,1,21,2025
Na Gyun-an,07/22/2025,LOTTE,,Kiwoom,SP,,5.4,1.4,5.0,3,3,6,0,10,1,1,15,2025
Song Seung Ki,07/22/2025,LG,,Kia,SP,,1.5,1.167,6.0,1,1,5,1,3,2,0,18,2025
Zach Logue,07/22/2025,DOOSAN,,Hanwha,SP,L,1.29,0.857,7.0,1,1,5,1,2,1,0,21,2025
Moon Dong-ju,07/22/2025,HANWHA,,Doosan,SP,W,0.0,0.5,6.0,0,0,2,0,9,1,0,18,2025
Won Tae-in,07/22/2025,SAMSUNG,,SSG,SP,,5.4,2.0,5.0,4,3,9,0,4,1,0,15,2025
James Naile,07/22/2025,KIA,,LG,SP,,3.86,1.143,7.0,4,3,6,1,7,2,0,21,2025
Mitch White,07/22/2025,SSG,,Samsung,SP,,7.2,2.4,5.0,4,4,9,0,2,3,0,15,2025
Lee Seung-hyun,07/22/2025,SAMSUNG,,SSG,SP,H,0.0,1.0,1.0,0,0,0,0,0,1,0,3,2025
Allen Logan,07/23/2025,NC,,KT,SP,L,15.75,2.75,4.0,8,7,8,0,4,3,1,12,2025
Park Se Woong,07/23/2025,LOTTE,,Kiwoom,SP,W,1.29,0.857,7.0,1,1,6,0,6,0,1,21,2025
Ha Yeong-min,07/23/2025,Kiwoom,,Lotte,SP,L,5.4,1.8,5.0,3,3,7,0,8,2,0,15,2025
Kim Do-hyeon,07/23/2025,KIA,,LG,SP,,6.0,1.0,6.0,4,4,6,2,2,0,0,18,2025
Choi Won Joon,07/24/2025,DOOSAN,,Hanwha,SP,,0.0,0.0,0.67,0,0,0,0,1,0,0,2,2025
Choi Won-tae,07/24/2025,SAMSUNG,,SSG,SP,,1.5,0.833,6.0,1,1,4,0,8,1,1,18,2025
Cody Ponce,07/24/2025,HANWHA,,Doosan,SP,,0.0,0.333,6.0,0,0,2,0,7,0,0,18,2025
Choi Seung-yong,07/24/2025,DOOSAN,,Hanwha,SP,,0.0,0.5,6.0,0,0,2,0,2,1,0,18,2025
Alec Gamboa,07/24/2025,LOTTE,,Kiwoom,SP,W,0.0,0.286,7.0,0,0,1,0,9,1,0,21,2025
Yang Hyeon-jong,07/24/2025,KIA,,LG,SP,,0.0,1.0,6.0,0,0,3,0,3,3,0,18,2025
Jung Hyun-woo,07/24/2025,Kiwoom,,Lotte,SP,L,6.0,1.167,6.0,4,4,6,1,3,1,0,18,2025
Moon Seung Won,07/24/2025,SSG,,Samsung,SP,,1.8,1.0,5.0,1,1,5,0,3,0,1,15,2025
Lee Seung-hyun,07/24/2025,SAMSUNG,,SSG,SP,,9.0,1.0,1.0,1,1,1,1,0,0,0,3,2025
Mok Ji-hoon,07/24/2025,NC,,KT,SP,L,40.5,5.97,0.67,4,3,4,0,0,0,1,2,2025
Enmanuel De Jesus,07/25/2025,KT,,Samsung,SP,W,0.0,1.167,6.0,1,0,4,0,6,3,1,18,2025
Andrew Anderson,07/25/2025,SSG,,Hanwha,SP,L,3.6,1.8,5.0,4,2,9,0,6,0,0,15,2025
Choi Won Joon,07/25/2025,DOOSAN,,LG,SP,H,0.0,1.0,2.0,0,0,2,0,1,0,0,6,2025
Tucker Davidson,07/25/2025,LOTTE,,Kia,SP,,5.4,1.6,5.0,3,3,8,2,5,0,0,15,2025
Elieser Hernandez,07/25/2025,LG,,Doosan,SP,,9.0,3.0,3.0,3,3,5,0,4,4,1,9,2025
Ryan Weiss,07/25/2025,HANWHA,,SSG,SP,W,0.0,0.714,7.0,0,0,3,0,10,2,0,21,2025
Cole Irvin,07/25/2025,DOOSAN,,LG,SP,,5.4,1.0,5.0,3,3,3,0,3,2,1,15,2025
Raul Alcántara,07/26/2025,Kiwoom,,NC,SP,,6.0,1.667,6.0,4,4,9,1,6,1,0,18,2025
So Hyeong-Jun,07/26/2025,KT,,Samsung,SP,,0.0,0.833,6.0,0,0,4,0,6,1,0,18,2025
Ryu Hyun-jin,07/26/2025,HANWHA,,SSG,SP,L,45.0,6.0,1.0,5,5,4,0,0,2,0,3,2025
Im Chan Kyu,07/26/2025,LG,,Doosan,SP,,3.0,1.667,6.0,2,2,8,0,4,2,0,18,2025
Um Sang-back,07/26/2025,HANWHA,,SSG,SP,,0.0,1.5,2.0,0,0,2,0,2,1,0,6,2025
Kim Kwang Hyun,07/26/2025,SSG,,Hanwha,SP,W,3.0,1.167,6.0,2,2,6,0,3,1,0,18,2025
Shin Min-hyeok,07/26/2025,NC,,Kiwoom,SP,,9.0,1.2,5.0,5,5,6,2,5,0,0,15,2025
Ariel Jurado,07/26/2025,SAMSUNG,,KT,SP,W,0.0,0.222,9.0,0,0,2,0,4,0,0,27,2025
Lee Seung-hyun,07/27/2025,SAMSUNG,,KT,SP,H,0.0,1.493,0.67,0,0,1,0,1,0,0,2,2025
Kim Yun-ha,07/27/2025,Kiwoom,,NC,SP,L,1.5,1.167,6.0,7,1,6,3,3,1,0,18,2025
Won Tae-in,07/27/2025,SAMSUNG,,KT,SP,,0.0,0.857,7.0,0,0,6,0,3,0,1,21,2025
James Naile,07/27/2025,KIA,,Lotte,SP,,3.0,1.167,6.0,2,2,7,0,8,0,0,18,2025
Zach Logue,07/27/2025,DOOSAN,,LG,SP,,7.5,1.167,6.0,5,5,7,1,3,0,0,18,2025
Na Gyun-an,07/27/2025,LOTTE,,Kia,SP,,3.0,0.833,6.0,2,2,4,1,6,1,0,18,2025
Moon Dong-ju,07/27/2025,HANWHA,,SSG,SP,,2.57,1.143,7.0,2,2,7,2,5,1,0,21,2025
Ko Young-pyo,07/27/2025,KT,,Samsung,SP,,1.29,0.857,7.0,1,1,5,0,5,1,0,21,2025
Mitch White,07/27/2025,SSG,,Hanwha,SP,,3.0,1.167,6.0,2,2,4,1,4,3,0,18,2025
Riley Thompson,07/27/2025,NC,,Kiwoom,SP,W,7.2,1.2,5.0,4,4,6,0,6,0,0,15,2025
Choi Won Joon,07/27/2025,DOOSAN,,LG,SP,,13.5,1.493,0.67,1,1,0,0,0,1,0,2,2025
Ha Yeong-min,07/29/2025,Kiwoom,,SSG,SP,L,12.0,2.333,3.0,4,4,5,1,3,2,0,9,2025
Oh Won-seok,07/29/2025,KT,,LG,SP,L,15.0,4.0,3.0,5,5,9,0,0,3,0,9,2025
Lee Seung-hyun,07/29/2025,SAMSUNG,,Hanwha,SP,,0.0,0.0,1.0,0,0,0,0,0,0,0,3,2025
Um Sang-back,07/29/2025,HANWHA,,Samsung,SP,,13.5,4.478,0.67,1,1,2,0,1,1,1,2,2025
Choi Won Joon,07/29/2025,DOOSAN,,Kia,SP,,54.0,6.061,0.33,2,2,2,1,0,0,0,0,2025
Allen Logan,07/29/2025,NC,,Lotte,SP,,4.5,1.5,6.0,3,3,8,1,4,1,0,18,2025
Yonny Chirinos,07/29/2025,LG,,KT,SP,W,1.5,0.833,6.0,2,1,4,0,2,1,1,18,2025
Park Se Woong,07/29/2025,LOTTE,,NC,SP,,0.0,0.333,6.0,0,0,1,0,7,1,1,18,2025
Alec Gamboa,07/30/2025,LOTTE,,NC,SP,,3.6,2.2,5.0,2,2,8,0,6,3,0,15,2025
Choi Won Joon,07/30/2025,DOOSAN,,Kia,SP,,0.0,2.985,0.67,0,0,0,0,0,2,0,2,2025
Cody Ponce,07/30/2025,HANWHA,,Samsung,SP,W,0.0,1.167,6.0,0,0,6,0,8,1,0,18,2025
Moon Seung Won,07/30/2025,SSG,,Kiwoom,SP,,9.0,1.6,5.0,5,5,6,2,4,2,1,15,2025
Choi Won-tae,07/30/2025,SAMSUNG,,Hanwha,SP,L,5.14,1.143,7.0,4,4,7,2,4,1,1,21,2025
Son Ju-young,07/30/2025,LG,,KT,SP,W,0.0,0.857,7.0,0,0,6,0,2,0,0,21,2025
Tucker Davidson,07/31/2025,LOTTE,,NC,SP,W,7.2,1.4,5.0,4,4,5,0,4,2,0,15,2025
Ryan Weiss,07/31/2025,HANWHA,,Samsung,SP,W,1.5,0.833,6.0,1,1,2,0,4,3,1,18,2025
Song Seung Ki,07/31/2025,LG,,KT,SP,W,0.0,1.2,5.0,0,0,5,0,5,1,0,15,2025
Andrew Anderson,07/31/2025,SSG,,Kiwoom,SP,,3.0,1.0,6.0,2,2,4,1,10,2,0,18,2025
Choi Won Joon,08/01/2025,DOOSAN,,SSG,SP,,9.0,2.0,1.0,1,1,1,1,1,1,0,3,2025
Im Chan Kyu,08/01/2025,LG,,Samsung,SP,W,3.0,1.167,6.0,2,2,6,0,5,1,1,18,2025
So Hyeong-Jun,08/01/2025,KT,,NC,SP,L,6.0,1.833,6.0,5,4,11,2,5,0,0,18,2025
Raul Alcántara,08/01/2025,Kiwoom,,Lotte,SP,W,0.0,0.625,8.0,0,0,4,0,5,1,0,24,2025
Lee Seung-hyun,08/01/2025,SAMSUNG,,LG,SP,,13.5,2.985,0.67,1,1,1,0,0,1,0,2,2025
Kim Kwang Hyun,08/01/2025,SSG,,Doosan,SP,W,3.0,1.333,6.0,2,2,4,0,5,4,0,18,2025
Ariel Jurado,08/01/2025,SAMSUNG,,LG,SP,L,5.4,1.2,5.0,3,3,6,1,3,0,0,15,2025
Lee Seung-hyun,08/02/2025,SAMSUNG,,LG,SP,,0.0,2.985,0.67,0,0,1,0,0,1,0,2,2025
Riley Thompson,08/02/2025,NC,,KT,SP,,3.0,0.833,6.0,2,2,3,0,9,2,1,18,2025
Kim Yun-ha,08/02/2025,Kiwoom,,Lotte,SP,,1.8,0.4,5.0,1,1,2,0,4,0,0,15,2025
Won Tae-in,08/02/2025,SAMSUNG,,LG,SP,,2.57,0.714,7.0,2,2,5,2,6,0,0,21,2025
Elieser Hernandez,08/02/2025,LG,,Samsung,SP,,1.5,0.667,6.0,1,1,2,1,9,2,0,18,2025
Mitch White,08/02/2025,SSG,,Doosan,SP,,13.5,2.985,0.67,1,1,2,0,0,0,0,2,2025
Zach Logue,08/02/2025,DOOSAN,,SSG,SP,W,0.0,1.4,5.0,4,0,6,1,4,1,0,15,2025
Allen Logan,08/03/2025,NC,,KT,SP,,0.0,1.0,6.0,0,0,3,0,4,3,0,18,2025
Park Se Woong,08/03/2025,LOTTE,,Kiwoom,SP,W,3.86,1.286,7.0,3,3,8,0,7,1,0,21,2025
Enmanuel De Jesus,08/03/2025,KT,,NC,SP,,1.29,0.571,7.0,1,1,3,1,4,1,0,21,2025
Yonny Chirinos,08/03/2025,LG,,Samsung,SP,W,3.6,2.0,5.0,3,2,6,0,4,4,0,15,2025
Choi Won Joon,08/03/2025,DOOSAN,,SSG,SP,H,0.0,0.0,0.67,0,0,0,0,0,0,0,2,2025
Ko Young-pyo,08/03/2025,KT,,NC,SP,D,0.0,1.0,2.0,0,0,1,0,4,1,1,6,2025
Moon Seung Won,08/05/2025,SSG,,Samsung,SP,L,7.2,1.2,5.0,4,4,3,2,5,3,0,15,2025
Lee Seung-hyun,08/05/2025,SAMSUNG,,SSG,SP,,0.0,1.0,1.0,0,0,1,0,1,0,0,3,2025
Choi Won Joon,08/05/2025,DOOSAN,,LG,SP,H,0.0,1.0,1.0,0,0,1,0,1,0,0,3,2025
Son Ju-young,08/05/2025,LG,,Doosan,SP,,3.6,1.2,5.0,2,2,4,1,3,2,0,15,2025
Choi Seung-yong,08/05/2025,DOOSAN,,LG,SP,,0.0,1.4,5.0,1,0,4,0,2,3,1,15,2025
Moon Dong-ju,08/05/2025,HANWHA,,KT,SP,,0.0,0.429,7.0,0,0,2,0,10,1,0,21,2025
Mok Ji-hoon,08/05/2025,NC,,Kiwoom,SP,,27.0,5.97,0.67,2,2,1,0,0,3,1,2,2025
James Naile,08/05/2025,KIA,,Lotte,SP,W,0.0,0.667,6.0,0,0,2,0,8,2,1,18,2025
Andrew Anderson,08/06/2025,SSG,,Samsung,SP,W,3.0,1.167,6.0,2,2,4,1,6,3,0,18,2025
Tucker Davidson,08/06/2025,LOTTE,,Kia,SP,W,1.5,1.167,6.0,1,1,4,0,4,3,0,18,2025
Cole Irvin,08/06/2025,DOOSAN,,LG,SP,,0.0,1.333,6.0,3,0,6,0,2,2,0,18,2025
Cody Ponce,08/06/2025,HANWHA,,KT,SP,W,1.8,1.6,5.0,1,1,7,0,9,1,0,15,2025
Choi Won Joon,08/06/2025,DOOSAN,,LG,SP,W,0.0,2.0,1.0,0,0,1,0,0,1,0,3,2025
Lee Seung-hyun,08/06/2025,SAMSUNG,,SSG,SP,L,27.0,2.985,0.67,2,2,2,1,1,0,0,2,2025
Raul Alcántara,08/07/2025,Kiwoom,,NC,SP,,12.6,2.2,5.0,7,7,11,1,5,0,0,15,2025
Ryan Weiss,08/07/2025,HANWHA,,KT,SP,,0.0,1.167,6.0,0,0,6,0,8,1,2,18,2025
Ko Young-pyo,08/07/2025,KT,,Hanwha,SP,,4.5,1.167,6.0,4,3,7,1,2,0,1,18,2025
Ariel Jurado,08/07/2025,SAMSUNG,,SSG,SP,W,1.13,0.75,8.0,1,1,5,1,5,1,0,24,2025
Yang Hyeon-jong,08/07/2025,KIA,,Lotte,SP,W,0.0,0.0,0.0,3,0,5,0,0,1,0,0,2025
Shin Min-hyeok,08/07/2025,NC,,Kiwoom,SP,,12.0,1.833,6.0,9,8,10,3,3,1,1,18,2025
Kim Yun-ha,08/08/2025,Kiwoom,,Doosan,SP,L,12.6,1.8,5.0,7,7,7,3,1,2,0,15,2025
Riley Thompson,08/08/2025,NC,,Kia,SP,W,4.5,1.167,6.0,3,3,6,1,10,1,0,18,2025
Im Chan Kyu,08/08/2025,LG,,Hanwha,SP,,1.29,1.143,7.0,1,1,8,0,3,0,0,21,2025
Zach Logue,08/08/2025,DOOSAN,,Kiwoom,SP,W,2.57,0.857,7.0,2,2,4,0,8,2,1,21,2025
Na Gyun-an,08/08/2025,LOTTE,,SSG,SP,L,1.5,0.833,6.0,1,1,3,0,2,2,1,18,2025
Ryu Hyun-jin,08/08/2025,HANWHA,,LG,SP,,0.0,1.167,6.0,0,0,6,0,5,1,0,18,2025
So Hyeong-Jun,08/08/2025,KT,,Samsung,SP,L,6.0,1.833,6.0,6,4,10,1,2,1,0,18,2025
Kim Do-hyeon,08/08/2025,KIA,,NC,SP,L,7.5,1.167,6.0,5,5,5,1,1,2,1,18,2025
Um Sang-back,08/09/2025,HANWHA,,LG,SP,L,54.0,8.0,1.0,6,6,5,1,1,3,0,3,2025
Yonny Chirinos,08/09/2025,LG,,Hanwha,SP,W,1.29,0.857,7.0,1,1,5,0,4,1,0,21,2025
Lee Seung-hyun,08/09/2025,SAMSUNG,,KT,SP,,0.0,0.0,0.67,0,0,0,0,1,0,0,2,2025
Choi Won Joon,08/09/2025,DOOSAN,,Kiwoom,SP,H,0.0,0.0,0.67,0,0,0,0,0,0,0,2,2025
Enmanuel De Jesus,08/09/2025,KT,,Samsung,SP,W,1.13,0.5,8.0,1,1,4,1,9,0,0,24,2025
Choi Won-tae,08/10/2025,SAMSUNG,,KT,SP,L,11.25,1.75,4.0,5,5,5,1,1,2,1,12,2025
Son Ju-young,08/10/2025,LG,,Hanwha,SP,,1.5,1.333,6.0,2,1,6,0,6,2,1,18,2025
Moon Dong-ju,08/10/2025,HANWHA,,LG,SP,W,3.0,1.333,6.0,2,2,5,0,5,3,0,18,2025
Lee Seung-hyun,08/10/2025,SAMSUNG,,KT,SP,,0.0,1.493,0.67,0,0,1,0,0,0,0,2,2025
Choi Seung-yong,08/10/2025,DOOSAN,,Kiwoom,SP,,1.5,1.0,6.0,2,1,6,0,1,0,0,18,2025
Choi Won Joon,08/10/2025,DOOSAN,,Kiwoom,SP,H,0.0,0.0,1.0,0,0,0,0,0,0,0,3,2025
James Naile,08/12/2025,KIA,,Samsung,SP,W,0.0,0.571,7.0,0,0,4,0,9,0,1,21,2025
Oh Won-seok,08/12/2025,KT,,LG,SP,L,5.4,1.4,5.0,3,3,7,0,2,0,0,15,2025
Cody Ponce,08/12/2025,HANWHA,,Lotte,SP,W,0.0,0.714,7.0,0,0,3,0,9,2,0,21,2025
Alec Gamboa,08/12/2025,LOTTE,,Hanwha,SP,L,3.0,1.0,6.0,2,2,4,0,5,2,0,18,2025
Choi Won Joon,08/12/2025,DOOSAN,,NC,SP,,0.0,0.0,1.0,0,0,0,0,0,0,0,3,2025
Ariel Jurado,08/13/2025,SAMSUNG,,Kia,SP,,1.29,1.143,7.0,1,1,8,0,5,0,0,21,2025
Unknown_55633,08/13/2025,KIA,,Samsung,SP,,1.8,1.2,5.0,1,1,4,0,7,2,0,15,2025
Ryan Weiss,08/13/2025,HANWHA,,Lotte,SP,W,0.0,1.0,6.0,0,0,1,0,11,5,0,18,2025
Ryu Hyun-jin,08/14/2025,HANWHA,,Lotte,SP,,2.57,1.0,7.0,2,2,7,0,4,0,0,21,2025
Raul Alcántara,08/14/2025,Kiwoom,,SSG,SP,W,0.0,0.571,7.0,0,0,4,0,4,0,2,21,2025
Na Gyun-an,08/14/2025,LOTTE,,Hanwha,SP,,3.0,0.5,6.0,2,2,3,1,6,0,0,18,2025
Won Tae-in,08/14/2025,SAMSUNG,,Kia,SP,L,9.0,1.833,6.0,6,6,10,3,1,1,0,18,2025
Riley Thompson,08/14/2025,NC,,Doosan,SP,,6.0,1.167,6.0,4,4,5,0,6,2,0,18,2025
Moon Seung Won,08/14/2025,SSG,,Kiwoom,SP,L,3.0,1.333,6.0,2,2,6,0,2,2,0,18,2025
Mitch White,08/15/2025,SSG,,LG,SP,,3.0,1.0,6.0,2,2,4,0,9,2,1,18,2025
Ko Young-pyo,08/15/2025,KT,,Kiwoom,SP,,1.29,0.571,7.0,2,1,4,1,6,0,0,21,2025
Lee Seung-hyun,08/15/2025,SAMSUNG,,Lotte,SP,,0.0,3.03,0.33,0,0,1,0,0,0,0,0,2025
So Hyeong-Jun,08/15/2025,KT,,Kiwoom,SP,L,67.5,8.955,0.67,5,5,4,0,0,2,0,2,2025
Yonny Chirinos,08/15/2025,LG,,SSG,SP,,3.6,2.0,5.0,2,2,9,0,3,1,0,15,2025
Ha Yeong-min,08/16/2025,Kiwoom,,KT,SP,W,1.29,0.286,7.0,2,1,2,1,4,0,1,21,2025
Shin Min-hyeok,08/16/2025,NC,,Hanwha,SP,,6.0,1.333,6.0,4,4,5,1,3,3,0,18,2025
Enmanuel De Jesus,08/16/2025,KT,,Kiwoom,SP,L,7.2,1.6,5.0,4,4,6,1,7,2,0,15,2025
Park Se Woong,08/16/2025,LOTTE,,Samsung,SP,L,4.5,1.667,6.0,3,3,9,0,6,1,0,18,2025
Choi Won Joon,08/16/2025,DOOSAN,,Kia,SP,H,9.0,3.0,1.0,1,1,2,0,1,1,0,3,2025
Choi Seung-yong,08/16/2025,DOOSAN,,Kia,SP,,0.0,0.5,2.0,0,0,1,0,2,0,0,6,2025
Lee Seung-hyun,08/16/2025,SAMSUNG,,Lotte,SP,H,0.0,1.0,1.0,0,0,1,0,1,0,0,3,2025
Choi Won-tae,08/16/2025,SAMSUNG,,Lotte,SP,W,1.5,0.667,6.0,1,1,3,0,3,1,1,18,2025
Im Chan Kyu,08/17/2025,LG,,SSG,SP,W,0.0,0.833,6.0,0,0,4,0,4,1,0,18,2025
So Hyeong-Jun,08/17/2025,KT,,Kiwoom,SP,S,0.0,0.0,1.0,0,0,0,0,0,0,0,3,2025
Jung Hyun-woo,08/17/2025,Kiwoom,,KT,SP,,3.0,1.0,6.0,2,2,4,0,2,2,0,18,2025
Alec Gamboa,08/17/2025,LOTTE,,Samsung,SP,,4.5,0.833,6.0,3,3,4,1,6,1,0,18,2025
James Naile,08/17/2025,KIA,,Doosan,SP,,0.0,1.0,7.0,0,0,6,0,4,1,1,21,2025
Lee Seung-hyun,08/17/2025,SAMSUNG,,Lotte,SP,,0.0,1.0,1.0,0,0,0,0,0,1,1,3,2025
Kim Yun-ha,08/17/2025,Kiwoom,,KT,SP,,13.5,2.985,0.67,1,1,1,0,0,1,0,2,2025
Kim Kwang Hyun,08/19/2025,SSG,,KT,SP,,9.0,2.5,4.0,4,4,8,1,2,2,0,12,2025
Riley Thompson,08/19/2025,NC,,Samsung,SP,,3.6,1.0,5.0,2,2,2,1,5,3,0,15,2025
Cole Irvin,08/19/2025,DOOSAN,,Hanwha,SP,,9.0,3.333,3.0,3,3,5,1,4,5,0,9,2025
Unknown_55633,08/19/2025,KIA,,Kiwoom,SP,W,7.2,2.6,5.0,4,4,9,0,2,4,0,15,2025
Oh Won-seok,08/19/2025,KT,,SSG,SP,,1.5,1.0,6.0,1,1,5,0,7,1,0,18,2025
Choi Won Joon,08/19/2025,DOOSAN,,Hanwha,SP,W,0.0,0.0,0.33,0,0,0,0,0,0,0,0,2025
Ariel Jurado,08/19/2025,SAMSUNG,,NC,SP,W,2.25,0.875,8.0,2,2,6,0,5,1,1,24,2025
Ryan Weiss,08/19/2025,HANWHA,,Doosan,SP,,5.14,1.143,7.0,5,4,5,0,3,3,1,21,2025
Won Tae-in,08/20/2025,SAMSUNG,,NC,SP,W,1.5,1.0,6.0,1,1,5,0,4,1,1,18,2025
Lee Seung-hyun,08/20/2025,SAMSUNG,,NC,SP,H,0.0,1.0,1.0,0,0,1,0,2,0,0,3,2025
Raul Alcántara,08/20/2025,Kiwoom,,Kia,SP,W,1.13,0.625,8.0,1,1,5,1,4,0,0,24,2025
Son Ju-young,08/20/2025,LG,,Lotte,SP,,4.5,1.333,6.0,3,3,4,1,5,4,0,18,2025
Mok Ji-hoon,08/20/2025,NC,,Samsung,SP,,1.8,1.2,5.0,1,1,4,0,0,2,0,15,2025
Zach Logue,08/21/2025,DOOSAN,,Hanwha,SP,W,3.0,1.333,6.0,2,2,7,0,7,1,1,18,2025
Andrew Anderson,08/21/2025,SSG,,KT,SP,W,0.0,1.167,6.0,0,0,4,0,7,3,0,18,2025
Yonny Chirinos,08/21/2025,LG,,Lotte,SP,,9.0,1.8,5.0,6,5,8,1,2,1,1,15,2025
Ko Young-pyo,08/21/2025,KT,,SSG,SP,L,3.0,0.833,6.0,2,2,4,0,6,1,1,18,2025
Ryu Hyun-jin,08/21/2025,HANWHA,,Doosan,SP,L,9.0,1.5,6.0,6,6,9,2,5,0,0,18,2025
Cody Ponce,08/22/2025,HANWHA,,SSG,SP,,0.0,0.571,7.0,0,0,3,0,9,1,0,21,2025
Ha Yeong-min,08/22/2025,Kiwoom,,Samsung,SP,L,18.0,2.25,4.0,8,8,8,1,1,1,1,12,2025
Choi Won Joon,08/22/2025,DOOSAN,,KT,SP,,27.0,2.985,0.67,2,2,1,1,0,1,0,2,2025
Shin Min-hyeok,08/22/2025,NC,,Lotte,SP,,9.0,1.2,5.0,5,5,6,1,4,0,1,15,2025
Song Seung Ki,08/22/2025,LG,,Kia,SP,W,1.8,1.4,5.0,1,1,4,0,4,3,0,15,2025
Mitch White,08/23/2025,SSG,,Hanwha,SP,L,5.14,1.571,7.0,5,4,9,0,6,2,0,21,2025
Lee Seung-hyun,08/23/2025,SAMSUNG,,Kiwoom,SP,H,0.0,0.0,1.0,0,0,0,0,2,0,0,3,2025
Alec Gamboa,08/23/2025,LOTTE,,NC,SP,L,5.4,2.0,5.0,4,3,6,0,6,4,1,15,2025
James Naile,08/23/2025,KIA,,LG,SP,L,7.2,2.0,5.0,6,4,8,1,2,2,0,15,2025
Jung Hyun-woo,08/23/2025,Kiwoom,,Samsung,SP,,9.0,1.75,4.0,4,4,5,1,4,2,1,12,2025
Ariel Jurado,08/24/2025,SAMSUNG,,Kiwoom,SP,W,6.0,1.667,6.0,4,4,8,2,3,2,0,18,2025
Ryan Weiss,08/24/2025,HANWHA,,SSG,SP,W,3.0,0.833,6.0,2,2,3,1,9,2,1,18,2025
So Hyeong-Jun,08/24/2025,KT,,Doosan,SP,W,1.29,0.714,7.0,1,1,3,0,6,2,0,21,2025
Kim Jin-uk,08/24/2025,LOTTE,,NC,SP,,0.0,0.0,0.0,1,0,0,0,0,1,1,0,2025
Choi Won Joon,08/24/2025,DOOSAN,,KT,SP,,0.0,0.0,0.33,0,0,0,0,0,0,0,0,2025
Unknown_55633,08/24/2025,KIA,,LG,SP,L,3.0,0.667,6.0,2,2,3,0,7,1,0,18,2025
Won Tae-in,08/26/2025,SAMSUNG,,Doosan,SP,W,0.0,0.5,6.0,0,0,2,0,6,1,0,18,2025
Oh Won-seok,08/26/2025,KT,,Lotte,SP,L,3.0,1.667,6.0,4,2,8,0,4,2,0,18,2025
Moon Seung Won,08/26/2025,SSG,,Kia,SP,,9.0,2.5,4.0,4,4,8,1,4,2,0,12,2025
Na Gyun-an,08/26/2025,LOTTE,,KT,SP,W,3.0,0.833,6.0,2,2,5,0,7,0,0,18,2025
Raul Alcántara,08/26/2025,Kiwoom,,Hanwha,SP,,1.29,0.714,7.0,1,1,5,0,7,0,0,21,2025
Ryu Hyun-jin,08/26/2025,HANWHA,,Kiwoom,SP,,1.5,0.667,6.0,1,1,4,0,7,0,0,18,2025
Son Ju-young,08/26/2025,LG,,NC,SP,,0.0,1.8,5.0,4,0,8,0,4,1,0,15,2025
Moon Dong-ju,08/27/2025,HANWHA,,Kiwoom,SP,W,0.0,1.0,6.0,1,0,3,0,7,3,0,18,2025
Kim Do-hyeon,08/27/2025,KIA,,SSG,SP,,0.0,1.333,6.0,0,0,7,0,3,1,0,18,2025
Andrew Anderson,08/27/2025,SSG,,Kia,SP,,0.0,0.5,6.0,0,0,2,0,8,1,0,18,2025
Yonny Chirinos,08/27/2025,LG,,NC,SP,W,0.0,0.857,7.0,0,0,6,0,5,0,0,21,2025
Ko Young-pyo,08/27/2025,KT,,Lotte,SP,W,1.5,1.667,6.0,1,1,8,0,5,2,0,18,2025
Choi Won-tae,08/28/2025,SAMSUNG,,Doosan,SP,,18.0,3.0,3.0,6,6,9,1,2,0,1,9,2025
Enmanuel De Jesus,08/28/2025,KT,,Lotte,SP,,0.0,1.0,6.0,1,0,4,0,7,2,1,18,2025
Choi Won Joon,08/28/2025,DOOSAN,,Samsung,SP,H,0.0,0.0,1.0,0,0,0,0,2,0,0,3,2025
Song Seung Ki,08/28/2025,LG,,NC,SP,,5.4,1.8,5.0,3,3,8,2,2,1,0,15,2025
Cody Ponce,08/28/2025,HANWHA,,Kiwoom,SP,W,5.4,1.8,5.0,3,3,7,1,9,2,1,15,2025
Shin Min-hyeok,08/28/2025,NC,,LG,SP,,1.8,1.2,5.0,1,1,5,1,2,1,0,15,2025
Alec Gamboa,08/28/2025,LOTTE,,KT,SP,,0.0,1.333,6.0,0,0,4,0,6,4,0,18,2025
Jung Hyun-woo,08/29/2025,Kiwoom,,LG,SP,W,3.0,1.333,6.0,2,2,5,0,3,3,0,18,2025
Mitch White,08/29/2025,SSG,,NC,SP,W,0.0,0.429,7.0,0,0,1,0,6,2,1,21,2025
Lee Seung-hyun,08/29/2025,SAMSUNG,,Hanwha,SP,H,0.0,0.0,1.0,0,0,0,0,1,0,0,3,2025
Zach Logue,08/29/2025,DOOSAN,,Lotte,SP,W,0.0,0.333,6.0,0,0,2,0,6,0,3,18,2025
James Naile,08/29/2025,KIA,,KT,SP,W,1.29,0.571,7.0,1,1,3,0,5,1,0,21,2025
Choi Won Joon,08/29/2025,DOOSAN,,Lotte,SP,,0.0,3.03,0.33,0,0,1,0,0,0,0,0,2025
Im Chan Kyu,08/29/2025,LG,,Kiwoom,SP,L,3.6,1.6,5.0,3,2,7,0,3,1,0,15,2025
Riley Thompson,08/30/2025,NC,,SSG,SP,W,1.5,0.5,6.0,1,1,3,1,6,0,0,18,2025
Kim Kwang Hyun,08/30/2025,SSG,,NC,SP,L,11.25,2.25,4.0,5,5,7,0,3,2,0,12,2025
Lee Seung-hyun,08/30/2025,SAMSUNG,,Hanwha,SP,,0.0,0.0,1.0,0,0,0,0,1,0,0,3,2025
Ryan Weiss,08/30/2025,HANWHA,,Samsung,SP,L,3.0,1.167,6.0,2,2,4,0,4,3,0,18,2025
Ariel Jurado,08/30/2025,SAMSUNG,,Hanwha,SP,W,0.0,0.714,7.0,0,0,2,0,3,3,0,21,2025
Enmanuel De Jesus,08/31/2025,KT,,Kia,SP,H,0.0,2.0,1.0,0,0,1,0,3,1,0,3,2025
Oh Won-seok,08/31/2025,KT,,Kia,SP,,5.4,1.6,5.0,3,3,6,1,4,2,0,15,2025
Won Tae-in,08/31/2025,SAMSUNG,,Hanwha,SP,W,4.5,1.667,6.0,3,3,6,1,2,4,0,18,2025
Raul Alcántara,08/31/2025,Kiwoom,,LG,SP,,3.0,1.0,6.0,2,2,6,0,4,0,0,18,2025
Na Gyun-an,08/31/2025,LOTTE,,Doosan,SP,,0.0,1.667,3.0,0,0,4,0,2,1,0,9,2025
Son Ju-young,08/31/2025,LG,,Kiwoom,SP,,7.2,2.2,5.0,4,4,8,0,3,3,0,15,2025
Moon Seung Won,08/31/2025,SSG,,NC,SP,,6.75,1.75,4.0,3,3,5,0,1,2,0,12,2025
Choi Won Joon,08/31/2025,DOOSAN,,Lotte,SP,,0.0,0.0,1.0,0,0,0,0,1,0,0,3,2025
Um Sang-back,09/02/2025,HANWHA,,Kia,SP,,0.0,2.0,1.0,0,0,2,0,1,0,0,3,2025
Ryu Hyun-jin,09/02/2025,HANWHA,,Kia,SP,W,3.0,1.167,6.0,2,2,7,1,4,0,0,18,2025
Andrew Anderson,09/02/2025,SSG,,Kiwoom,SP,W,1.8,1.0,5.0,1,1,3,0,8,2,0,15,2025
Ko Young-pyo,09/02/2025,KT,,NC,SP,L,9.0,1.6,5.0,5,5,8,0,6,0,3,15,2025
Yonny Chirinos,09/02/2025,LG,,Lotte,SP,W,0.0,0.571,7.0,0,0,3,0,4,1,1,21,2025
Cody Ponce,09/03/2025,HANWHA,,NC,SP,,4.5,1.5,6.0,3,3,7,0,8,2,1,18,2025
Enmanuel De Jesus,09/03/2025,KT,,Lotte,SP,,3.0,1.167,6.0,2,2,6,0,8,1,0,18,2025
James Naile,09/03/2025,KIA,,SSG,SP,L,3.6,2.4,5.0,2,2,10,0,5,2,0,15,2025
Song Seung Ki,09/04/2025,LG,,KT,SP,,5.4,1.4,5.0,3,3,6,1,5,1,0,15,2025
Choi Won Joon,09/05/2025,DOOSAN,,NC,SP,,27.0,1.493,0.67,2,2,1,1,0,0,1,2,2025
Jung Hyun-woo,09/05/2025,Kiwoom,,Samsung,SP,L,22.5,3.5,2.0,5,5,5,1,1,2,1,6,2025
Zach Logue,09/05/2025,DOOSAN,,NC,SP,,0.0,1.2,5.0,0,0,5,0,4,1,0,15,2025
Allen Logan,09/05/2025,NC,,Doosan,SP,,4.5,1.167,6.0,3,3,5,0,6,2,0,18,2025
Lee Seung-hyun,09/05/2025,SAMSUNG,,Kiwoom,SP,H,0.0,1.0,1.0,0,0,1,0,1,0,0,3,2025
Choi Won-tae,09/05/2025,SAMSUNG,,Kiwoom,SP,,9.0,2.0,3.0,3,3,6,1,2,0,0,9,2025
Lee Seung-hyun,09/06/2025,SAMSUNG,,Hanwha,SP,,27.0,5.97,0.67,2,2,4,0,1,0,0,2,2025
Unknown_55633,09/06/2025,KIA,,NC,SP,W,2.57,0.857,7.0,3,2,4,0,8,2,1,21,2025
Riley Thompson,09/06/2025,NC,,Kia,SP,L,9.0,2.5,4.0,4,4,7,1,6,3,0,12,2025
Kim Kwang Hyun,09/07/2025,SSG,,LG,SP,W,5.4,1.4,5.0,3,3,7,0,3,0,0,15,2025
Im Chan Kyu,09/07/2025,LG,,SSG,SP,L,7.2,1.4,5.0,5,4,6,1,4,1,0,15,2025
Yang Hyeon-jong,09/07/2025,KIA,,NC,SP,L,3.0,0.833,6.0,2,2,4,0,5,1,0,18,2025
Raul Alcántara,09/09/2025,Kiwoom,,LG,SP,W,3.0,1.0,6.0,2,2,5,0,2,1,0,18,2025
Ryan Weiss,09/09/2025,HANWHA,,Lotte,SP,W,1.5,1.167,6.0,1,1,2,0,5,5,0,18,2025
Park Se Woong,09/09/2025,LOTTE,,Hanwha,SP,L,9.0,2.25,4.0,5,4,7,0,3,2,0,12,2025
So Hyeong-Jun,09/09/2025,KT,,Doosan,SP,W,1.5,1.333,6.0,1,1,8,0,6,0,0,18,2025
Ko Young-pyo,09/09/2025,KT,,Doosan,SP,,0.0,1.0,1.0,0,0,1,0,3,0,0,3,2025
Ryu Hyun-jin,09/10/2025,HANWHA,,Lotte,SP,W,0.0,0.333,6.0,0,0,2,0,5,0,1,18,2025
Son Ju-young,09/10/2025,LG,,Doosan,SP,W,3.86,1.143,7.0,3,3,6,1,7,2,0,21,2025
Lee Seung-hyun,09/10/2025,SAMSUNG,,Kia,SP,,0.0,0.0,1.0,0,0,0,0,1,0,0,3,2025
Alec Gamboa,09/10/2025,LOTTE,,Hanwha,SP,L,6.75,2.75,4.0,8,3,8,0,4,3,0,12,2025
James Naile,09/10/2025,KIA,,Samsung,SP,,0.0,1.6,5.0,0,0,3,0,5,5,0,15,2025
Um Sang-back,09/10/2025,HANWHA,,Lotte,SP,,0.0,2.0,1.0,0,0,1,0,1,1,0,3,2025
Andrew Anderson,09/10/2025,SSG,,NC,SP,,3.0,0.667,6.0,3,2,4,1,11,0,0,18,2025
Enmanuel De Jesus,09/11/2025,KT,,LG,SP,,6.75,2.25,4.0,4,3,8,0,1,1,0,12,2025
Ariel Jurado,09/11/2025,SAMSUNG,,SSG,SP,,3.86,1.143,7.0,3,3,8,0,6,0,0,21,2025
Yonny Chirinos,09/11/2025,LG,,KT,SP,,3.0,0.833,6.0,3,2,5,0,2,0,0,18,2025
Allen Logan,09/11/2025,NC,,Kiwoom,SP,L,6.75,1.75,4.0,3,3,5,0,5,2,0,12,2025
Kim Do-hyeon,09/11/2025,KIA,,Lotte,SP,,9.0,3.0,1.0,1,1,2,0,0,1,0,3,2025
Na Gyun-an,09/11/2025,LOTTE,,Kia,SP,,6.75,1.5,4.0,3,3,5,1,3,1,1,12,2025
Moon Seung Won,09/11/2025,SSG,,Samsung,SP,,0.0,1.493,0.67,0,0,0,0,1,1,0,2,2025
Lee Seung-hyun,09/11/2025,SAMSUNG,,SSG,SP,,13.5,1.493,0.67,1,1,1,1,1,0,0,2,2025
Zach Logue,09/12/2025,DOOSAN,,Kia,SP,,3.6,0.8,5.0,2,2,4,0,5,0,2,15,2025
Choi Won Joon,09/12/2025,DOOSAN,,Kia,SP,H,0.0,1.0,1.0,0,0,1,0,2,0,0,3,2025
Unknown_55633,09/12/2025,KIA,,Doosan,SP,,6.0,1.167,6.0,4,4,6,3,8,1,1,18,2025
Choi Won Joon,09/13/2025,DOOSAN,,NC,SP,L,27.0,3.0,1.0,3,3,3,1,1,0,0,3,2025
Won Tae-in,09/13/2025,SAMSUNG,,KT,SP,,3.0,0.5,6.0,2,2,1,1,4,2,0,18,2025
Ha Yeong-min,09/13/2025,Kiwoom,,Hanwha,SP,L,4.5,0.75,4.0,3,2,3,0,3,0,2,12,2025
Ko Young-pyo,09/13/2025,KT,,Samsung,SP,,4.5,1.333,6.0,3,3,6,1,3,2,1,18,2025
Choi Won-tae,09/13/2025,SAMSUNG,,KT,SP,,0.0,0.0,0.67,0,0,0,0,0,0,0,2,2025
Lee Seung-hyun,09/13/2025,SAMSUNG,,KT,SP,,0.0,0.0,0.0,0,0,0,0,0,1,0,0,2025
Im Chan Kyu,09/13/2025,LG,,Kia,SP,L,3.0,1.333,6.0,3,2,8,2,5,0,0,18,2025
Cody Ponce,09/13/2025,HANWHA,,Kiwoom,SP,W,0.0,1.0,6.0,0,0,6,0,8,0,0,18,2025
Yang Hyeon-jong,09/14/2025,KIA,,LG,SP,L,22.5,5.0,2.0,5,5,5,0,2,5,0,6,2025
Oh Won-seok,09/14/2025,KT,,Samsung,SP,L,7.2,1.6,5.0,4,4,7,2,5,1,0,15,2025
Um Sang-back,09/14/2025,HANWHA,,Kiwoom,SP,,0.0,0.0,1.0,0,0,0,0,2,0,0,3,2025
Riley Thompson,09/14/2025,NC,,Doosan,SP,W,0.0,0.5,6.0,0,0,2,0,10,1,0,18,2025
Jung Hyun-woo,09/14/2025,Kiwoom,,Hanwha,SP,,15.0,3.333,3.0,5,5,7,0,2,3,0,9,2025
Andrew Anderson,09/16/2025,SSG,,NC,SP,W,3.0,0.667,6.0,2,2,2,1,8,2,3,18,2025
Raul Alcántara,09/16/2025,Kiwoom,,Doosan,SP,W,0.0,0.714,7.0,1,0,5,0,3,0,0,21,2025
Lee Seung-hyun,09/16/2025,SAMSUNG,,Lotte,SP,,27.0,3.03,0.33,1,1,1,0,0,0,0,0,2025
Enmanuel De Jesus,09/16/2025,KT,,LG,SP,L,6.0,1.0,3.0,2,2,3,1,1,0,0,9,2025
Ryan Weiss,09/16/2025,HANWHA,,Kia,SP,W,1.5,1.0,6.0,1,1,4,0,10,2,0,18,2025
Ryu Hyun-jin,09/17/2025,HANWHA,,Kia,SP,W,3.6,1.6,5.0,2,2,7,1,8,1,0,15,2025
Um Sang-back,09/17/2025,HANWHA,,Kia,SP,,0.0,1.0,1.0,0,0,1,0,0,0,0,3,2025
Song Seung Ki,09/18/2025,LG,,KT,SP,W,1.5,1.0,6.0,1,1,5,0,8,1,0,18,2025
Yonny Chirinos,09/18/2025,LG,,KT,SP,W,3.0,1.333,6.0,2,2,7,1,4,1,0,18,2025
Unknown_55633,09/18/2025,KIA,,Hanwha,SP,,1.29,0.857,7.0,1,1,3,1,5,3,0,21,2025
Ariel Jurado,09/18/2025,SAMSUNG,,NC,SP,,6.0,1.167,6.0,4,4,5,0,1,2,0,18,2025
Ha Yeong-min,09/18/2025,Kiwoom,,Doosan,SP,,1.29,1.0,7.0,1,1,4,0,6,3,0,21,2025
Choi Won Joon,09/18/2025,DOOSAN,,Kiwoom,SP,,0.0,0.0,0.67,0,0,0,0,1,0,0,2,2025
Zach Logue,09/18/2025,DOOSAN,,Kiwoom,SP,,1.5,1.167,6.0,2,1,6,0,7,1,0,18,2025
Park Se Woong,09/19/2025,LOTTE,,NC,SP,,9.0,2.0,1.0,1,1,1,0,0,1,0,3,2025
Won Tae-in,09/20/2025,SAMSUNG,,LG,SP,W,4.5,1.333,6.0,4,3,8,0,4,0,0,18,2025
Ko Young-pyo,09/20/2025,KT,,Hanwha,SP,W,2.57,1.143,7.0,2,2,7,0,3,1,0,21,2025
Moon Dong-ju,09/20/2025,HANWHA,,KT,SP,,0.0,0.333,3.0,0,0,1,0,4,0,0,9,2025
Cody Ponce,09/20/2025,HANWHA,,KT,SP,L,7.2,1.8,5.0,4,4,5,1,6,4,0,15,2025
Mitch White,09/20/2025,SSG,,Doosan,SP,W,2.57,1.0,7.0,2,2,6,0,8,1,0,21,2025
Kim Kwang Hyun,09/21/2025,SSG,,Doosan,SP,W,5.4,1.6,5.0,3,3,8,1,7,0,0,15,2025
Enmanuel De Jesus,09/21/2025,KT,,Samsung,SP,W,1.5,1.167,6.0,1,1,6,0,6,1,0,18,2025
Choi Won-tae,09/21/2025,SAMSUNG,,KT,SP,,10.8,0.0,0.0,2,2,1,1,0,1,0,0,2025
Lee Seung-hyun,09/21/2025,SAMSUNG,,KT,SP,,13.5,1.493,0.67,1,1,1,0,0,0,0,2,2025
Choi Won Joon,09/22/2025,DOOSAN,,SSG,SP,,0.0,0.0,0.33,0,0,0,0,0,0,0,0,2025
Allen Logan,09/23/2025,NC,,Lotte,SP,,9.0,3.0,1.0,1,1,2,1,0,1,0,3,2025
Raul Alcántara,09/23/2025,Kiwoom,,KT,SP,L,3.0,1.0,6.0,5,2,6,0,5,0,1,18,2025
Choi Won Joon,09/23/2025,DOOSAN,,Samsung,SP,,0.0,2.985,0.67,0,0,1,0,1,1,0,2,2025
Lee Seung-hyun,09/23/2025,SAMSUNG,,Doosan,SP,H,0.0,2.0,1.0,0,0,1,0,1,1,0,3,2025
Shin Min-hyeok,09/23/2025,NC,,Lotte,SP,,1.8,0.8,5.0,1,1,4,0,2,0,0,15,2025
Ariel Jurado,09/24/2025,SAMSUNG,,Lotte,SP,W,1.5,1.167,6.0,2,1,6,0,5,1,0,18,2025
Unknown_55633,09/24/2025,KIA,,Kiwoom,SP,W,0.0,0.5,6.0,0,0,1,0,13,2,0,18,2025
Ha Yeong-min,09/24/2025,Kiwoom,,Kia,SP,L,2.57,0.714,7.0,2,2,5,1,8,0,0,21,2025
Um Sang-back,09/25/2025,HANWHA,,Doosan,SP,,13.5,2.985,0.67,1,1,1,1,1,1,0,2,2025
Choi Won-tae,09/25/2025,SAMSUNG,,Kiwoom,SP,,0.0,1.0,2.0,2,0,1,0,3,1,1,6,2025
Zach Logue,09/25/2025,DOOSAN,,Hanwha,SP,W,0.0,0.625,8.0,0,0,4,0,9,1,0,24,2025
Moon Seung Won,09/25/2025,SSG,,KT,SP,L,19.29,0.0,0.0,5,5,6,0,0,1,0,0,2025
Alec Gamboa,09/25/2025,LOTTE,,LG,SP,L,9.0,1.8,5.0,6,5,4,1,4,5,0,15,2025
Son Ju-young,09/25/2025,LG,,Lotte,SP,W,0.0,0.429,7.0,0,0,2,0,7,1,0,21,2025
Lee Seung-hyun,09/25/2025,SAMSUNG,,Kiwoom,SP,,9.0,1.0,1.0,1,1,1,1,1,0,0,3,2025
Ko Young-pyo,09/26/2025,KT,,SSG,SP,L,5.4,1.2,5.0,3,3,6,1,6,0,1,15,2025
Riley Thompson,09/26/2025,NC,,Doosan,SP,W,0.0,1.2,5.0,0,0,4,0,6,2,0,15,2025
Won Tae-in,09/26/2025,SAMSUNG,,Lotte,SP,,1.5,1.333,6.0,3,1,6,1,5,2,1,18,2025
Ryu Hyun-jin,09/26/2025,HANWHA,,LG,SP,,1.5,1.167,6.0,1,1,7,1,5,0,0,18,2025
Lee Seung-hyun,09/26/2025,SAMSUNG,,Lotte,SP,,54.0,6.061,0.33,2,2,1,1,0,1,0,0,2025
Enmanuel De Jesus,09/26/2025,KT,,SSG,SP,,0.0,1.0,1.0,1,0,1,0,0,0,1,3,2025
Mitch White,09/26/2025,SSG,,KT,SP,W,0.0,1.0,5.0,0,0,4,0,5,1,2,15,2025
Um Sang-back,09/27/2025,HANWHA,,LG,SP,,0.0,2.0,1.0,0,0,1,0,1,1,0,3,2025
Choi Won Joon,09/27/2025,DOOSAN,,SSG,SP,,13.5,2.985,0.67,1,1,1,0,0,1,0,2,2025
Choi Seung-yong,09/27/2025,DOOSAN,,SSG,SP,L,4.5,1.167,6.0,3,3,7,1,2,0,0,18,2025
Yang Hyeon-jong,09/27/2025,KIA,,NC,SP,L,3.0,0.5,6.0,2,2,2,2,3,1,0,18,2025
Moon Dong-ju,09/27/2025,HANWHA,,LG,SP,L,81.0,11.94,0.67,6,6,8,1,1,0,0,2,2025
Jung Hyun-woo,09/28/2025,Kiwoom,,Samsung,SP,,0.0,1.667,3.0,0,0,2,0,4,3,0,9,2025
Lee Seung-hyun,09/28/2025,SAMSUNG,,Kiwoom,SP,H,13.5,1.493,0.67,1,1,1,1,0,0,0,2,2025
Im Chan Kyu,09/29/2025,LG,,Hanwha,SP,L,7.2,1.8,5.0,5,4,8,0,3,1,0,15,2025
Allen Logan,09/29/2025,NC,,Kia,SP,W,3.86,0.714,7.0,3,3,5,1,11,0,0,21,2025
Andrew Anderson,09/29/2025,SSG,,Lotte,SP,W,1.5,0.667,6.0,1,1,1,0,5,3,0,18,2025
Zach Logue,09/30/2025,DOOSAN,,LG,SP,H,0.0,1.0,1.0,0,0,1,0,2,0,0,3,2025
Ko Young-pyo,09/30/2025,KT,,NC,SP,L,20.25,0.0,0.0,5,3,4,1,0,1,0,0,2025
Song Seung Ki,09/30/2025,LG,,Doosan,SP,L,3.6,1.4,5.0,2,2,7,1,4,0,0,15,2025
Raul Alcántara,09/30/2025,Kiwoom,,SSG,SP,L,6.0,1.333,6.0,4,4,7,1,6,1,0,18,2025
Ryan Weiss,09/30/2025,HANWHA,,Lotte,SP,,0.0,0.143,7.0,0,0,1,0,5,0,1,21,2025
Ariel Jurado,09/30/2025,SAMSUNG,,Kia,SP,W,0.0,0.429,7.0,0,0,2,0,10,1,0,21,2025
So Hyeong-Jun,10/01/2025,KT,,Kia,SP,W,4.5,1.0,6.0,3,3,6,0,2,0,0,18,2025
Unknown_55633,10/01/2025,KIA,,KT,SP,L,9.0,1.6,5.0,5,5,7,0,4,1,0,15,2025
Cody Ponce,10/01/2025,HANWHA,,SSG,SP,,3.0,1.167,6.0,2,2,6,1,10,1,0,18,2025
Yonny Chirinos,10/01/2025,LG,,NC,SP,L,6.75,1.75,4.0,3,3,7,0,4,0,1,12,2025
Oh Won-seok,10/03/2025,KT,,Hanwha,SP,,135.0,15.152,0.33,5,5,4,1,0,1,0,0,2025
Kim Kwang Hyun,10/04/2025,SSG,,NC,SP,L,10.8,2.2,5.0,7,6,10,1,6,1,0,15,2025
